Name, Gender, No. of Cultures, No. of factions, No. of Roles
Eternity,f,1,1,Autonomist,Criminal
Carbon Pumps,m,1,1,Autonomist,Hypercorp
Sinope,nb,1,2,Autonomist,Criminal,Brinker
Mary Kovacic,f,1,1,Lunar-Lagrange Alliance,TITAN
Notk De Jong,f,1,1,Extropian,Argonaut
Nathaniel Bianchi,m,1,1,Jovian,Hypercorp
Jovana Cohen,f,1,1,Lunar-Lagrange Alliance,Gatecrasher
Charlotte Chen,f,1,1,Lunar-Lagrange Alliance,Argonaut
George Brown,m,1,1,Lunar-Lagrange Alliance,Brinker
Callirrhoe,f,1,1,Autonomist,Exhuman
Bak Benitez,f,1,1,Lunar-Lagrange Alliance,Argonaut
Zoub,m,1,1,Autonomist,Gatecrasher
Yeky Themisto,f,1,1,Autonomist,Indenture
Ivaana Umbriel Korhonen,f,2,1,Lunar-Lagrange Alliance,Tharsis League,Gatecrasher
Pyro,nb,1,2,Autonomist,Brinker,Criminal
Victoria Eris Mammadov,f,1,1,Lunar-Lagrange Alliance,Bioconservative
Money Ijiraq,f,1,1,Autonomist,Bioconservative
Venus Echo,f,1,1,Autonomist,Bioconservative
Lukas Bianchi,m,1,1,Lunar-Lagrange Alliance,Indenture
Toduu Kaya,nb,1,1,Lunar-Lagrange Alliance,Gatecrasher
Dominique Nowak,f,1,1,Lunar-Lagrange Alliance,Gatecrasher
Jackson Jones,m,1,1,Lunar-Lagrange Alliance,Argonaut
Renv Cohen,m,1,1,Lunar-Lagrange Alliance,Argonaut
Red-Dodah,f,1,1,Autonomist,Argonaut
Fatma Krasniqi,f,1,1,Lunar-Lagrange Alliance,Barsoomian
Mirjana Kovacevic,f,1,1,Lunar-Lagrange Alliance,Exsurgent
Jet Hovhannisyan,f,1,1,Lunar-Lagrange Alliance,Barsoomian
Terabyte,m,1,1,Autonomist,Gatecrasher
Ayse Cohen,f,1,1,Lunar-Lagrange Alliance,TITAN
Camila Riyba,f,1,1,Lunar-Lagrange Alliance,Brinker
Viktoria Santos,f,1,1,Lunar-Lagrange Alliance,Criminal
Louis Sedna Mammadov,m,1,1,Lunar-Lagrange Alliance,Gatecrasher
Andreas Nilsson,m,1,1,Lunar-Lagrange Alliance,Bioconservative
Hehuh Kaslauskas,m,1,1,Lunar-Lagrange Alliance,Argonaut
Lottn Rodriguez,m,1,1,Lunar-Lagrange Alliance,Gatecrasher
Eris Nequ,f,1,1,Autonomist,Exhuman
Fahad Ivanou,m,1,1,Lunar-Lagrange Alliance,Exhuman
Daris Bate,m,1,1,Lunar-Lagrange Alliance,Barsoomian
Darkness Dusk,f,1,1,Autonomist,Barsoomian
Glass Carbon,m,1,1,Autonomist,Argonaut
Controller Dandelion,m,1,1,Autonomist,Gatecrasher
William Jansen,m,1,1,Lunar-Lagrange Alliance,Argonaut
Sanity,f,1,1,Autonomist,Barsoomian
Bleed,m,1,1,Autonomist,Argonaut
Ava Fernandez,nb,1,1,Lunar-Lagrange Alliance,Barsoomian
Bojuu Kim,m,1,1,Autonomist,Exhuman
Hexadecimal,f,1,1,Autonomist,Exsurgent
Tethys,f,2,1,Autonomist,Anarchist,Exsurgent
Neyeln Smirnov,f,1,1,Lunar-Lagrange Alliance,TITAN
Riko Buo Horvath,nb,1,1,Lunar-Lagrange Alliance,Indenture
Isabella Smirnov,nb,1,1,Tharsis League,Firewall
Roberts Sato,m,1,1,Jovian,Hypercorp
Mary Jovanovic,f,1,1,Lunar-Lagrange Alliance,Gatecrasher
Shu-fen Hojm,f,1,1,Lunar-Lagrange Alliance,Barsoomian
Sebastian Out There Harutyunyan,m,1,1,Lunar-Lagrange Alliance,Exhuman
Charon,f,1,1,Autonomist,Firewall
Anna Silva,f,2,1,Lunar-Lagrange Alliance,Jovian,Exhuman
Wirh Lin,m,1,1,Lunar-Lagrange Alliance,Exsurgent
Aarav Hicde,m,1,1,Lunar-Lagrange Alliance,Criminal
WD-481799502 Silver,f,1,1,Autonomist,Exsurgent
Shu-fen From Whence Novak,f,1,1,Autonomist,Gatecrasher
Depsacito,f,1,1,Autonomist,Exhuman
Maria Eduarda Wilson,nb,1,1,Lunar-Lagrange Alliance,Firewall
Rayan Taylor,m,1,1,Lunar-Lagrange Alliance,Criminal
Zala Kumar,f,1,1,Autonomist,Barsoomian
Last Spring,f,1,1,Autonomist,Bioconservative
World Uwbi,m,1,1,Autonomist,TITAN
Amar Chen,m,1,1,Lunar-Lagrange Alliance,Bioconservative
Stefan Singh,m,1,1,Lunar-Lagrange Alliance,Criminal
Kyu,m,1,1,Autonomist,Criminal
Yenn Hufo,nb,1,1,Lunar-Lagrange Alliance,Criminal
Dysnomia Isyo,f,1,1,Autonomist,Criminal
Wakana Harutyunyan,f,1,1,Lunar-Lagrange Alliance,Barsoomian
Ayse Taylor,f,1,1,Lunar-Lagrange Alliance,Argonaut
Vou,nb,2,1,Autonomist,Titanian,Hypercorp
Elizabeth Lum QB4,f,1,1,Lunar-Lagrange Alliance,Firewall
Ivaana Lin,f,1,1,Lunar-Lagrange Alliance,Bioconservative
Xanatos,m,1,1,Autonomist,Exsurgent
Mateo Neto,m,1,1,Titanian,Bioconservative
Nikau Peeters,m,1,1,Autonomist,Exsurgent
Liam Royc,m,1,1,Lunar-Lagrange Alliance,Exsurgent
Deimos,f,1,1,Autonomist,TITAN
Speed Ioana Ivanov,f,1,1,Lunar-Lagrange Alliance,Criminal
Mehmet Praying Mammadov,m,1,1,Lunar-Lagrange Alliance,Criminal
Giorgi Garcia,f,1,1,Lunar-Lagrange Alliance,Barsoomian
Eight Strokes Cosmo,m,1,1,Autonomist,Exsurgent
Gap,m,1,1,Autonomist,Firewall
Radio Star Fires,f,1,1,Autonomist,Exsurgent
Emilia Nilsson,f,1,1,Lunar-Lagrange Alliance,Criminal
Mirame Remedial,m,1,1,Autonomist,Firewall
Poisoning,m,1,1,Autonomist,Hypercorp
Aino Curesi,f,1,1,Lunar-Lagrange Alliance,Bioconservative
Mariana Tah,nb,1,1,Lunar-Lagrange Alliance,Exsurgent
Gabriel Mammadov,m,2,1,Lunar-Lagrange Alliance,Anarchist,Brinker
Slither,m,1,1,Autonomist,Brinker
Worm,f,1,1,Autonomist,Exhuman
Half-Baked Brown,m,1,1,Autonomist,Brinker
Ti El Pi,m,1,1,Planetary Consortium,Indenture
Florencia Smirnov,f,1,1,Lunar-Lagrange Alliance,TITAN
Ti El Pi Blue,m,1,1,Autonomist,Exsurgent
Ori Smith,m,1,1,Lunar-Lagrange Alliance,Brinker
Long Ago,f,1,1,Autonomist,Bioconservative
Mirjana Silva,f,1,2,Lunar-Lagrange Alliance,Argonaut,Gatecrasher
Seo-yeon Hodzic,f,1,1,Lunar-Lagrange Alliance,Indenture
Thalassa,f,1,1,Autonomist,Barsoomian
Jackson Maruw,m,1,1,Lunar-Lagrange Alliance,TITAN
Junior Wilson,m,1,1,Lunar-Lagrange Alliance,Gatecrasher
Charlie Pigas,m,1,1,Lunar-Lagrange Alliance,Firewall
Jakub Meier,nb,1,1,Lunar-Lagrange Alliance,Firewall
Sofia Harutyunyan,nb,1,1,Lunar-Lagrange Alliance,Hypercorp
Koo Jupiter,f,1,1,Lunar-Lagrange Alliance,Gatecrasher
Jakub Ganymede Khondakar,m,2,1,Lunar-Lagrange Alliance,Jovian,Exhuman
Ava Kesu,nb,1,1,Lunar-Lagrange Alliance,TITAN
Daris Ivanov,m,1,1,Autonomist,Barsoomian
Erriapus,m,1,1,Autonomist,Argonaut
Mary Lee,f,1,1,Autonomist,Criminal
It Blows,m,1,1,Autonomist,Gatecrasher
Buffer-Far,nb,1,1,Autonomist,Firewall
Hesaj Case Blondal,f,1,1,Autonomist,Barsoomian
Zala Muller,f,1,1,Lunar-Lagrange Alliance,Criminal
Hamza Tamm,m,1,1,Lunar-Lagrange Alliance,TITAN
Elara,f,1,1,Autonomist,Argonaut
Lubni Tamm,m,1,1,Lunar-Lagrange Alliance,Gatecrasher
Emil Samaras,m,1,1,Lunar-Lagrange Alliance,Indenture
You Can't Do,f,1,1,Autonomist,Firewall
Tiare Hovhannisyan,f,1,1,Lunar-Lagrange Alliance,TITAN
Taseg Johnson,f,1,1,Lunar-Lagrange Alliance,Criminal
Riko Nielsen,f,1,1,Lunar-Lagrange Alliance,Exhuman
Nareh Dream Hodzic,f,1,1,Autonomist,Hypercorp
Odval Dysnomia Tremblay,f,1,1,Lunar-Lagrange Alliance,Firewall
Shadow,m,1,1,Autonomist,Bioconservative
Abdullah Khondakar,m,1,1,Lunar-Lagrange Alliance,Exhuman
Abdul Rahman Horvath,m,1,1,Lunar-Lagrange Alliance,Barsoomian
Yusif Blondal,m,1,1,Lunar-Lagrange Alliance,Argonaut
Dione,m,1,1,Autonomist,Criminal
Duvh Ebony Berzins,m,1,1,Lunar-Lagrange Alliance,Exhuman
Dreamer 313,f,1,1,Autonomist,Indenture
Jocia Sanchez,f,1,1,Lunar-Lagrange Alliance,Gatecrasher
Destiny Light,m,1,1,Lunar-Lagrange Alliance,Exhuman
FA-7517 75,f,1,1,Autonomist,Barsoomian
Hiro Melnyk,m,1,1,Lunar-Lagrange Alliance,Exhuman
Sacoya Muller,m,1,1,Lunar-Lagrange Alliance,Exsurgent
Nonsense Xuzok,f,1,1,Autonomist,Argonaut
Jackpot,m,1,1,Autonomist,Brinker
Nundn Novak,f,1,1,Lunar-Lagrange Alliance,Criminal
Isla De Jong,f,1,1,Lunar-Lagrange Alliance,TITAN
9SZ,f,1,1,Autonomist,Hypercorp
Ayyf Cosi Popovic,f,1,1,Lunar-Lagrange Alliance,Exhuman
Carme,m,1,1,Autonomist,Exhuman
Eva Kaslauskas,nb,1,1,Lunar-Lagrange Alliance,Bioconservative
Nikau Goti,m,1,1,Lunar-Lagrange Alliance,Exhuman
MY,m,1,1,Autonomist,Hypercorp
Television,f,1,1,Extropian,Hypercorp
Eris Friday,f,1,1,Anarchist,Firewall
Fasea Kuho,f,1,1,Lunar-Lagrange Alliance,Bioconservative
Victoria Muller,nb,1,1,Lunar-Lagrange Alliance,Firewall
Set Mamedovi,m,1,1,Lunar-Lagrange Alliance,Argonaut
Yoyo Kaslauskas,m,1,1,Lunar-Lagrange Alliance,Hypercorp
Swwi Yesterday,f,1,1,Autonomist,Barsoomian
Emma Bianchi,f,1,1,Lunar-Lagrange Alliance,Barsoomian
Eight Strokes,f,1,1,Autonomist,Criminal
Can See Logan Gonzalez,m,1,1,Lunar-Lagrange Alliance,Bioconservative
Martin Tacot,m,1,1,Lunar-Lagrange Alliance,Gatecrasher
Sakura Joensen,f,1,1,Lunar-Lagrange Alliance,Exsurgent
Hexadecimal,m,1,1,Autonomist,Barsoomian
Juwep Nielsen,m,1,1,Planetary Consortium,Brinker
Rasmus Popovic,m,1,1,Lunar-Lagrange Alliance,Gatecrasher
Pinky,m,1,1,Autonomist,Indenture
Howatn Ivanou,nb,1,1,Lunar-Lagrange Alliance,Firewall
Viper,f,1,1,Autonomist,Indenture
Leo Naduf,m,1,1,Lunar-Lagrange Alliance,Barsoomian
Yuto Wherabouts Yilmaz,m,1,1,Lunar-Lagrange Alliance,TITAN
Korra Ivanov,m,1,1,Lunar-Lagrange Alliance,Brinker
Tarantula,f,1,1,Autonomist,Firewall
Jayden Gonzalez,m,1,1,Lunar-Lagrange Alliance,Brinker
Bleed Galactic,m,1,2,Autonomist,Brinker,Gatecrasher
Leviateii Setup,m,1,1,Autonomist,Firewall
Nopo Rodriguez,m,1,1,Lunar-Lagrange Alliance,Indenture
Hom Kovacic,f,1,1,Lunar-Lagrange Alliance,Brinker
Filip Ceres Muller,nb,1,1,Lunar-Lagrange Alliance,Bioconservative
Isla Popovic,f,1,1,Lunar-Lagrange Alliance,Barsoomian
Zuzanna-Memce Buffer Brown,f,1,1,Autonomist,TITAN
When All Has Been,nb,1,2,Morningstar Constellation,Brinker,Barsoomian
From Whence,m,1,1,Autonomist,Criminal
Marija Krasniqi,nb,1,1,Lunar-Lagrange Alliance,Exsurgent
Dimension,f,1,1,Autonomist,Gatecrasher
Liam Kim,m,1,1,Lunar-Lagrange Alliance,TITAN
Sunshine,f,1,1,Autonomist,Indenture
Abdullo Reyp,m,1,1,Lunar-Lagrange Alliance,Brinker
Fozia Smirnov,f,1,1,Lunar-Lagrange Alliance,Criminal
Rwe,m,1,1,Autonomist,Indenture
Bow Matede,f,1,1,Lunar-Lagrange Alliance,Indenture
Night Ijiraq,f,1,1,Autonomist,Exhuman
Precious Kumar,f,1,1,Lunar-Lagrange Alliance,Firewall
Nina Nielsen,f,1,1,Lunar-Lagrange Alliance,Hypercorp
Matias Popovic,m,1,1,Lunar-Lagrange Alliance,TITAN
Jazmin Kaslauskas,f,1,1,Lunar-Lagrange Alliance,Hypercorp
Nikola Mammadov,nb,1,1,Jovian,Criminal
June Meier,f,1,1,Lunar-Lagrange Alliance,Exhuman
And Time,f,1,1,Autonomist,Criminal
Dream,f,1,1,Autonomist,Argonaut
Marie Rodriguez,f,1,2,Lunar-Lagrange Alliance,Indenture,Bioconservative
Glassed,m,1,1,Autonomist,Bioconservative
World,f,1,1,Autonomist,Indenture
Chloe Zaa Ivanou,f,1,1,Lunar-Lagrange Alliance,Hypercorp
Yelizaveta Hernandez,f,1,1,Morningstar Constellation,Criminal
Ori Kuznetsov,m,1,1,Lunar-Lagrange Alliance,Criminal
Jayden Andov,m,1,1,Lunar-Lagrange Alliance,TITAN
Tiare Hansen,nb,1,2,Lunar-Lagrange Alliance,Firewall,Barsoomian
Euporie You Can't Do,m,1,1,Autonomist,Bioconservative
Noam Wong,f,1,1,Lunar-Lagrange Alliance,Brinker
Void,m,1,1,Autonomist,Criminal
Forgotten,f,1,1,Lunar-Lagrange Alliance,Firewall
Nabo Danger Vigu,m,1,1,Lunar-Lagrange Alliance,Brinker
Cogun Peeters,f,1,2,Lunar-Lagrange Alliance,Hypercorp,TITAN
Chloe Need Citoj,f,1,1,Lunar-Lagrange Alliance,Exhuman
Martin Elara Lulaj,m,1,1,Lunar-Lagrange Alliance,Exsurgent
Anna Samaras,f,1,1,Lunar-Lagrange Alliance,Exsurgent
Sevinj Korhonen,f,1,1,Lunar-Lagrange Alliance,Gatecrasher
Europa,f,1,1,Autonomist,TITAN
And Time,f,1,1,Autonomist,Bioconservative
Mariam Popovic,m,1,1,Lunar-Lagrange Alliance,Brinker
Hikew Korhonen,m,1,1,Lunar-Lagrange Alliance,Hypercorp
Silver 28,m,1,1,Autonomist,Bioconservative
Pinky,f,1,1,Autonomist,Gatecrasher
Patricia Joru,f,1,1,Lunar-Lagrange Alliance,Criminal
Markel Bianchi,m,1,1,Lunar-Lagrange Alliance,Exhuman
Austeja Binge Robertson,f,1,1,Lunar-Lagrange Alliance,Indenture
Angel,m,1,1,Autonomist,Bioconservative
Gefr Dev,m,1,1,Planetary Consortium,Brinker
Arp Enceladus,m,1,1,Autonomist,TITAN
Wocu Miller,m,1,1,Lunar-Lagrange Alliance,Argonaut
0722118-O Honesty,m,1,1,Autonomist,Gatecrasher
443 Ghost,f,1,1,Planetary Consortium,Gatecrasher
Zeee-17,m,1,1,Autonomist,Hypercorp
Sa-42,f,1,2,Autonomist,Gatecrasher,Exhuman
Ayzere Tapea,f,1,1,Lunar-Lagrange Alliance,Argonaut
Krishna-Siby Khondakar,m,1,1,Lunar-Lagrange Alliance,Argonaut
Pumps,m,1,1,Autonomist,Argonaut
Galactic Youssef Gonzalez,m,1,1,Lunar-Lagrange Alliance,Indenture
258 Charon,m,1,1,Autonomist,Barsoomian
Actual Change Gate,f,1,2,Lunar-Lagrange Alliance,Exsurgent,Gatecrasher
Sophie Chen,f,1,1,Lunar-Lagrange Alliance,Exsurgent
Nwjw,f,1,1,Autonomist,TITAN
Fahad Gonzalez,m,1,1,Lunar-Lagrange Alliance,Hypercorp
Maria Eduarda Murphy,nb,1,1,Lunar-Lagrange Alliance,Argonaut
Booze Celine Brown,f,1,1,Lunar-Lagrange Alliance,Exsurgent
Ximena UZ Blondal,f,1,1,Lunar-Lagrange Alliance,Bioconservative
Titania,m,1,1,Lunar-Lagrange Alliance,Hypercorp
Batigo Wilson,m,1,1,Lunar-Lagrange Alliance,Exsurgent
Luka Gob,m,1,1,Lunar-Lagrange Alliance,Barsoomian
Mihail Lee,m,1,1,Lunar-Lagrange Alliance,Gatecrasher
Mehdi Ivanou,m,1,1,Lunar-Lagrange Alliance,Firewall
Matas Kaya,m,1,1,Lunar-Lagrange Alliance,Indenture
Time,f,1,1,Autonomist,Argonaut
Yebem Cohen,nb,1,1,Lunar-Lagrange Alliance,Argonaut
David Rodriguez,m,1,1,Lunar-Lagrange Alliance,Bioconservative
Kamos Novak,m,1,1,Autonomist,Firewall
8JM,f,1,1,Autonomist,Exhuman
Mehmet Sigo,m,1,1,Lunar-Lagrange Alliance,Exhuman
Epimetheus,m,1,1,Titanian,Argonaut
Calibrating,m,2,1,Autonomist,Planetary Consortium,Bioconservative
Harry Johansson Sunrise,m,1,1,Lunar-Lagrange Alliance,Exsurgent
6159584-I,nb,1,1,Autonomist,Exsurgent
Eof,f,1,1,Autonomist,Criminal
Tics Perez,f,1,1,Lunar-Lagrange Alliance,Exhuman
Gutpe Two Yamh,m,1,1,Lunar-Lagrange Alliance,Brinker
It Was All,m,1,1,Autonomist,Firewall
Camila Kuznetsov,f,1,1,Lunar-Lagrange Alliance,Indenture
Oxygen,m,1,1,Autonomist,Bioconservative
Noah Munoz,m,1,1,Lunar-Lagrange Alliance,Barsoomian
Europa Ti El Pi,f,1,1,Autonomist,Firewall
Andreas Aliyev,m,1,1,Lunar-Lagrange Alliance,Barsoomian
Mia Apple Peeters,f,1,1,Lunar-Lagrange Alliance,Criminal
Dimension,nb,1,1,Autonomist,Exhuman
Hedef-Bobo Mamedovi,f,1,1,Lunar-Lagrange Alliance,Hypercorp
Heterochromia,f,1,2,Autonomist,Bioconservative,Exsurgent
Mariana Rusu,f,2,2,Lunar-Lagrange Alliance,Anarchist,Exsurgent,TITAN
Sivt Taylor,m,1,1,Lunar-Lagrange Alliance,Hypercorp
Francisco Oys-70 Cotce,m,1,1,Autonomist,TITAN
Matias Silva,nb,1,1,Tharsis League,Hypercorp
Shristi Victim Ivanou,nb,1,1,Lunar-Lagrange Alliance,Indenture
Galileo,f,1,1,Autonomist,Indenture
Depu Meier,f,1,1,Lunar-Lagrange Alliance,Barsoomian
Jawf Mercury Bianchi,f,1,1,Autonomist,Exhuman
You Can't Do,f,1,1,Autonomist,Gatecrasher
Eight,m,1,1,Autonomist,Indenture
Chains,f,1,1,Autonomist,Exsurgent
Charon,m,1,1,Autonomist,Firewall
Tetrachromia,m,1,1,Autonomist,Gatecrasher
Mateo Nilsson,m,1,1,Lunar-Lagrange Alliance,Indenture
Fatma C Aliyev,f,1,2,Autonomist,Bioconservative,Indenture
Kobayo Mammadov,m,1,2,Lunar-Lagrange Alliance,Bioconservative,TITAN
Maria del Carmen Silva,f,1,2,Lunar-Lagrange Alliance,Firewall,Criminal
Markel Munoz,m,1,1,Lunar-Lagrange Alliance,Argonaut
Methone,f,1,2,Titanian,TITAN,Indenture
Sekoh,m,1,1,Autonomist,Bioconservative
Aya Mamedovi,f,1,1,Autonomist,Firewall
Gocey Cat Mammadov,m,1,1,Lunar-Lagrange Alliance,Gatecrasher
Omar Hernandez,m,1,1,Lunar-Lagrange Alliance,Firewall
Teay,m,1,1,Autonomist,TITAN
From Whence Only,m,1,1,Lunar-Lagrange Alliance,Bioconservative
Lewis Ivanov Anna Munoz,nb,1,1,Lunar-Lagrange Alliance,Exhuman
Hossein Dajn,m,1,1,Lunar-Lagrange Alliance,Exsurgent
Erriapus,m,1,1,Autonomist,Gatecrasher
Shu-fen Horvat,f,1,1,Lunar-Lagrange Alliance,Indenture
James Miller,m,1,1,Lunar-Lagrange Alliance,Brinker
Riko Harutyunyan,f,1,1,Lunar-Lagrange Alliance,Firewall
Precious Dimhn,f,1,1,Lunar-Lagrange Alliance,Argonaut
Retribution Dafk Korhonen,nb,1,1,Lunar-Lagrange Alliance,Indenture
Bilal Joensen,m,1,1,Lunar-Lagrange Alliance,Bioconservative
Lea-Lofe Muller,m,1,1,Anarchist,Firewall
Jwuwv Astro,f,1,1,Autonomist,Exhuman
Mupud Hansen,m,1,1,Lunar-Lagrange Alliance,Criminal
Leo Harutyunyan,m,1,1,Lunar-Lagrange Alliance,Barsoomian
Luis Jovanovic,m,1,2,Morningstar Constellation,Barsoomian,Exsurgent
Liquor,m,1,1,Autonomist,Firewall
Nydi,f,1,1,Autonomist,Exsurgent
Dream Auq,m,1,1,Autonomist,Criminal
KE-698 Knucks,f,1,1,Lunar-Lagrange Alliance,Exhuman
Proteus,f,1,1,Autonomist,Indenture
World,f,1,1,Autonomist,Hypercorp
Artsiom UH Popovic,m,1,1,Lunar-Lagrange Alliance,Firewall
Pear,f,1,1,Autonomist,Criminal
Tess Dione Johnson,f,1,1,Lunar-Lagrange Alliance,Indenture
Louise Sogo,f,1,1,Autonomist,Barsoomian
It Sings,m,1,1,Autonomist,Criminal
Europa Half-Baked,m,1,2,Autonomist,Firewall,Barsoomian
Pyro,f,1,1,Autonomist,Brinker
You Can't Do,f,1,1,Autonomist,Gatecrasher
Pua,m,1,1,Autonomist,Indenture
Marc Aliyev,m,1,1,Lunar-Lagrange Alliance,Barsoomian
OH-96,m,1,1,Autonomist,Gatecrasher
Lewie Hodzic,m,1,1,Lunar-Lagrange Alliance,Bioconservative
Binge,f,1,1,Autonomist,Criminal
Gabhe Johnson,f,1,1,Lunar-Lagrange Alliance,Exsurgent
Yukvi Pah,f,1,2,Lunar-Lagrange Alliance,Exhuman,Bioconservative
Gikre Brown,m,1,1,Lunar-Lagrange Alliance,Firewall
PF,f,1,1,Autonomist,Argonaut
Louis Laroe,m,1,1,Lunar-Lagrange Alliance,Argonaut
Margret Taylor,f,1,1,Lunar-Lagrange Alliance,Argonaut
TT-3233211 Divine,m,1,1,Autonomist,Hypercorp
Moyau Perera,m,1,1,Lunar-Lagrange Alliance,Hypercorp
Mary Bianchi,f,1,1,Lunar-Lagrange Alliance,Criminal
Gas Way Gruber,m,1,1,Lunar-Lagrange Alliance,Firewall
Martin Sanchez,m,2,1,Lunar-Lagrange Alliance,Planetary Consortium,Argonaut
Forgotten,m,1,1,Autonomist,Barsoomian
So Garcia,m,1,1,Lunar-Lagrange Alliance,Argonaut
Amelia Nowak,f,1,1,Lunar-Lagrange Alliance,Exhuman
Nathaniel Bianchi,m,1,1,Lunar-Lagrange Alliance,Hypercorp
Yusif Benitez,m,1,1,Lunar-Lagrange Alliance,Hypercorp
Sofiya Joensen,f,1,1,Lunar-Lagrange Alliance,TITAN
Adrastea Lily,m,1,1,Autonomist,TITAN
Hydar Borg,m,1,1,Lunar-Lagrange Alliance,Exsurgent
Retl Kuznetsov Pear,f,1,1,Lunar-Lagrange Alliance,Hypercorp
Fight You Radud Pari,m,1,1,Autonomist,Hypercorp
James Benitez,m,1,1,Lunar-Lagrange Alliance,Brinker
Far Rep,nb,1,1,Autonomist,Exhuman
Fozia Bianchi,f,1,1,Lunar-Lagrange Alliance,Hypercorp
Poisoning,f,1,1,Autonomist,Gatecrasher
Cosmo Two,m,2,1,Autonomist,Morningstar Constellation,Argonaut
Louis Muller,f,1,1,Lunar-Lagrange Alliance,Bioconservative
Liep,f,1,1,Autonomist,Barsoomian
Lucia Singh,f,1,1,Lunar-Lagrange Alliance,Exsurgent
Sofia Jones,f,1,1,Autonomist,Barsoomian
Love,m,1,1,Autonomist,Exsurgent
Truth,f,1,1,Autonomist,Firewall
Charlie Gonzalez,m,1,1,Lunar-Lagrange Alliance,Indenture
Vihibe Can See,f,1,1,Autonomist,Bioconservative
Omar Munoz,m,1,1,Autonomist,Bioconservative
Charlotte Aliyev,f,1,1,Lunar-Lagrange Alliance,Exhuman
Mihail Povuo,m,1,1,Lunar-Lagrange Alliance,Gatecrasher
Carbon,m,1,1,Autonomist,Brinker
Yonw Sunset,m,1,1,Autonomist,Brinker
Listener Extraplanetary,m,1,1,Morningstar Constellation,TITAN
Ramon Melnyk,m,1,1,Lunar-Lagrange Alliance,Hypercorp
Somchai Nowak,m,2,1,Lunar-Lagrange Alliance,Extropian,Barsoomian
Umbriel,f,1,1,Autonomist,Argonaut
Eris,m,1,1,Autonomist,TITAN
Vosfa Kumar Boh,m,1,1,Lunar-Lagrange Alliance,Barsoomian
Giulia Tecir,f,1,1,Autonomist,Argonaut
Fi,m,1,1,Autonomist,Gatecrasher
Stevenson Popovic,nb,1,1,Lunar-Lagrange Alliance,Firewall
Too Much,f,1,2,Autonomist,Criminal,Exsurgent
Emma Worm Rusu,f,1,1,Lunar-Lagrange Alliance,Brinker
Edaan,nb,1,1,Autonomist,Criminal
Yosjn Lopez,f,1,1,Lunar-Lagrange Alliance,Gatecrasher
Emma Silva,nb,1,1,Lunar-Lagrange Alliance,Criminal
Cosmo,f,1,1,Autonomist,Firewall
AV Jaws,f,1,1,Autonomist,Exsurgent
Jana Nguyen,f,1,1,Lunar-Lagrange Alliance,Exhuman
Lotus,f,1,1,Autonomist,Argonaut
What,m,1,1,Autonomist,Brinker
Widelene Novak,f,1,1,Lunar-Lagrange Alliance,Firewall
I Thought About It For A Long Time,nb,1,1,Autonomist,Firewall
Jelena Murphy,nb,1,1,Lunar-Lagrange Alliance,Exsurgent
Wakana Bianchi,nb,1,1,Lunar-Lagrange Alliance,TITAN
Omri Nguyen,m,1,1,Lunar-Lagrange Alliance,Exhuman
Lara Perez,f,1,1,Lunar-Lagrange Alliance,Firewall
Elizabeth Speed Kumar,nb,1,1,Lunar-Lagrange Alliance,Exsurgent
Extraterrestrial,f,1,1,Autonomist,Exsurgent
Lucas Lopez,m,1,1,Lunar-Lagrange Alliance,Argonaut
Galatea,f,1,1,Autonomist,TITAN
Peter Johnson,m,1,1,Lunar-Lagrange Alliance,Exsurgent
Laia Murphy,f,1,1,Lunar-Lagrange Alliance,Exhuman
Camila Lin,f,1,1,Lunar-Lagrange Alliance,Bioconservative
Rayan Xanatos Hodzic,m,1,1,Lunar-Lagrange Alliance,Bioconservative
Dem Time Mammadov,nb,1,1,Lunar-Lagrange Alliance,Bioconservative
Dream,nb,1,1,Autonomist,TITAN
Harry Again Perez,m,1,1,Lunar-Lagrange Alliance,Argonaut
Suckers,m,1,1,Autonomist,Indenture
Titania,f,1,1,Autonomist,Gatecrasher
Sevinj Robertson,f,1,1,Lunar-Lagrange Alliance,Exhuman
L-Telka,f,1,1,Autonomist,Gatecrasher
Omar Wilson,m,1,1,Lunar-Lagrange Alliance,Barsoomian
Zahra Aliyev,nb,1,1,Lunar-Lagrange Alliance,Indenture
Lina Harutyunyan,f,1,1,Lunar-Lagrange Alliance,Hypercorp
Santiago Hernandez,m,1,1,Lunar-Lagrange Alliance,Criminal
Forever Glassed,f,1,1,Autonomist,Criminal
Lokfu Kaslauskas,f,1,1,Lunar-Lagrange Alliance,TITAN
Knucks Erriapus,f,1,1,Autonomist,Bioconservative
Marija Perez,f,1,1,Lunar-Lagrange Alliance,Criminal
Angel Fang,f,1,1,Autonomist,Brinker
Olga Munoz,f,1,1,Lunar-Lagrange Alliance,Hypercorp
Enceladus Testy,m,1,1,Autonomist,Exhuman
Darya Kumar,f,1,1,Lunar-Lagrange Alliance,Criminal
Sanity,nb,1,1,Autonomist,Exsurgent
Night,f,1,1,Autonomist,Argonaut
Gear,f,1,1,Autonomist,Barsoomian
Leonardo Johnson,m,1,1,Lunar-Lagrange Alliance,Bioconservative
Wivt Rationality Hernandez,m,1,1,Lunar-Lagrange Alliance,Criminal
Lewis 84 Johansson,m,1,1,Lunar-Lagrange Alliance,Gatecrasher
Vegl Kuznetsov,f,1,1,Lunar-Lagrange Alliance,Exhuman
Ali Cyeud-33 Tamm,m,1,2,Lunar-Lagrange Alliance,TITAN,Indenture
Eight Strokes,m,1,1,Autonomist,Exsurgent
Yow Hovhannisyan,m,1,1,Lunar-Lagrange Alliance,Hypercorp
Santiago Perera,m,1,1,Lunar-Lagrange Alliance,Hypercorp
You Do,nb,1,1,Planetary Consortium,Exsurgent
Hugo Triton Gruber,m,1,1,Lunar-Lagrange Alliance,Barsoomian
Yahbn Hansen,nb,1,1,Lunar-Lagrange Alliance,Argonaut
Carbon,f,1,1,Autonomist,Exhuman
88,f,1,1,Autonomist,TITAN
Anna 244 Munoz,f,1,1,Lunar-Lagrange Alliance,Exhuman
Emil Blondal,m,1,1,Lunar-Lagrange Alliance,Barsoomian
Marija Khondakar,f,1,1,Lunar-Lagrange Alliance,Indenture
Elizabeth Joensen,f,1,3,Lunar-Lagrange Alliance,Exsurgent,Argonaut,Indenture
Culupe Smirnov,m,1,1,Lunar-Lagrange Alliance,Exhuman
Aadya Smalls Rodriguez,f,1,1,Lunar-Lagrange Alliance,Gatecrasher
Somchai Robertson,m,1,1,Lunar-Lagrange Alliance,Firewall
Sasuhn Fang,m,1,1,Autonomist,Argonaut
Tarantula,m,1,1,Autonomist,TITAN
R1V Pyro,f,1,1,Autonomist,Brinker
Yelizav De Jong,f,1,1,Lunar-Lagrange Alliance,Exhuman
Jose Hijo 09,m,1,1,Autonomist,TITAN
World Fqu,m,1,1,Autonomist,Indenture
Hossein Lodiu,m,1,1,Lunar-Lagrange Alliance,Argonaut
Sedna Albiorix,nb,1,1,Autonomist,Criminal
Namaka,f,1,1,Autonomist,Hypercorp
Amalthea Qywe,m,1,1,Autonomist,Barsoomian
Extra,m,1,1,Autonomist,Exhuman
Deimos,f,1,1,Lunar-Lagrange Alliance,Gatecrasher
Dup Wilson,f,1,1,Lunar-Lagrange Alliance,Brinker
Abdul Rahman Perez,m,1,1,Lunar-Lagrange Alliance,Indenture
Adrastea,m,1,1,Autonomist,Argonaut
Georgios Aliyev,m,1,1,Lunar-Lagrange Alliance,Criminal
Radio Star,m,1,1,Lunar-Lagrange Alliance,Firewall
Callisto,f,1,1,Autonomist,Criminal
Eva Night Krasniqi,f,1,1,Lunar-Lagrange Alliance,Firewall
Austeja Rodriguez,f,1,1,Lunar-Lagrange Alliance,Gatecrasher
Odval Ghost Schmit,f,1,1,Lunar-Lagrange Alliance,Criminal
Juan David Jansen,m,1,1,Lunar-Lagrange Alliance,TITAN
Pinky,f,1,2,Autonomist,Criminal,Exsurgent
Rasmus Jadi,m,1,1,Lunar-Lagrange Alliance,Exsurgent
Wakana Brown,f,1,1,Lunar-Lagrange Alliance,Exhuman
Glass Change Gate,m,1,1,Autonomist,Indenture
Fujk Tamm,nb,1,1,Lunar-Lagrange Alliance,Criminal
Zeynab Rudiu,f,1,1,Lunar-Lagrange Alliance,Criminal
Countdown,m,1,1,Autonomist,Hypercorp
Giulia Rodriguez Kiviuq,f,1,1,Lunar-Lagrange Alliance,Brinker
Rasmus Wefc,m,1,1,Lunar-Lagrange Alliance,Firewall
Kenk Paaliaq Blondal,f,1,1,Lunar-Lagrange Alliance,Indenture
Revenge,nb,1,1,Autonomist,Firewall
Tosk Miller,m,1,1,Lunar-Lagrange Alliance,Brinker
Benjamin Sovpn,m,1,1,Lunar-Lagrange Alliance,Criminal
Jelena Numeve,f,1,1,Lunar-Lagrange Alliance,TITAN
Min-jun Ghost Chen,m,1,1,Lunar-Lagrange Alliance,Criminal
Ahmed Koyaa,m,1,1,Lunar-Lagrange Alliance,Firewall
Dream,f,1,1,Autonomist,Exhuman
Dione Tun,m,1,1,Autonomist,Gatecrasher
Iwmi It Blows,m,1,1,Autonomist,Criminal
Leonardo Lee,m,1,1,Lunar-Lagrange Alliance,Indenture
Eleni De Jong,f,1,1,Lunar-Lagrange Alliance,Exhuman
Sumayah Dawn Silva,f,1,1,Lunar-Lagrange Alliance,Exsurgent
Waste Gear,f,1,1,Autonomist,Indenture
Yewiv Hovhannisyan,f,1,1,Lunar-Lagrange Alliance,TITAN
Matias Cohen,m,1,1,Lunar-Lagrange Alliance,Bioconservative
Molju Sousa,f,1,1,Lunar-Lagrange Alliance,Exsurgent
Nina Aiuw Jones,f,1,1,Lunar-Lagrange Alliance,Barsoomian
Emma Jones,f,1,1,Lunar-Lagrange Alliance,Gatecrasher
Thalassa Olympus,f,1,1,Autonomist,Exhuman
Speed-Lalka,m,1,1,Autonomist,Firewall
Jakub NO Martinez,m,1,1,Lunar-Lagrange Alliance,Hypercorp
Interframe Abdul Rahman Gruber,nb,1,1,Lunar-Lagrange Alliance,Exsurgent
Leo Bianchi,m,1,1,Lunar-Lagrange Alliance,Brinker
118 Zeynab Rodriguez,f,1,1,Lunar-Lagrange Alliance,Argonaut
An Jaws Muller,m,1,1,Lunar-Lagrange Alliance,Exhuman
Somchai Perez,m,1,1,Lunar-Lagrange Alliance,Argonaut
Dapes Mammadov,m,1,1,Lunar-Lagrange Alliance,Exsurgent
Dragan Themisto Begw,m,1,1,Lunar-Lagrange Alliance,Bioconservative
Anemoia,nb,1,1,Autonomist,Gatecrasher
Leo Samaras Myrmidon,m,1,1,Lunar-Lagrange Alliance,Exsurgent
Maria Eduarda Tomorrow Borg,f,1,1,Anarchist,Exhuman
Gogn Nguyen,f,1,1,Lunar-Lagrange Alliance,Barsoomian
Badger,m,1,1,Autonomist,Barsoomian
Hwu Kiviuq,f,1,1,Autonomist,Brinker
Rogol Perez,m,1,1,Lunar-Lagrange Alliance,Indenture
Artem Madn,m,1,1,Lunar-Lagrange Alliance,Firewall
Booze Swpz,f,1,1,Autonomist,Gatecrasher
Charlotte Man,f,1,1,Lunar-Lagrange Alliance,Criminal
White,m,1,1,Autonomist,Criminal
Cikje Nagy,f,1,1,Lunar-Lagrange Alliance,Barsoomian
Elara,f,1,1,Autonomist,Bioconservative
Bence Krasniqi,m,1,1,Lunar-Lagrange Alliance,Brinker
Norona Hovhannisyan,f,1,1,Lunar-Lagrange Alliance,Barsoomian
Wiluu FKY Nielsen,f,1,1,Lunar-Lagrange Alliance,Hypercorp
Bit,f,1,1,Autonomist,Criminal
Oskar Fernandez,m,1,1,Lunar-Lagrange Alliance,Brinker
Giulia Smith,f,1,1,Lunar-Lagrange Alliance,Brinker
Forgotten Sae-Labf,nb,1,2,Autonomist,Exhuman,Exsurgent
Ie June Kim,f,1,1,Lunar-Lagrange Alliance,TITAN
Abdullah Korhonen,nb,1,1,Lunar-Lagrange Alliance,Hypercorp
Jovana Cohen,f,1,1,Lunar-Lagrange Alliance,Criminal
Jaws 58,f,1,1,Autonomist,Gatecrasher
Adam Kaya,m,1,1,Lunar-Lagrange Alliance,Exhuman
Detis Santos,m,1,3,Lunar-Lagrange Alliance,Gatecrasher,Bioconservative,Firewall
Sofiya Peeters,f,2,1,Lunar-Lagrange Alliance,Anarchist,Brinker
Siram Case Santos,nb,1,1,Lunar-Lagrange Alliance,TITAN
Xanatos Saturn,m,1,1,Autonomist,Barsoomian
Mercury,m,1,1,Autonomist,Bioconservative
Logan Kaya,m,1,1,Lunar-Lagrange Alliance,TITAN
Mamadou Sousa,m,1,1,Autonomist,Bioconservative
Ayesha Lee,f,1,2,Lunar-Lagrange Alliance,Exsurgent,Argonaut
Ava Javi,f,1,1,Lunar-Lagrange Alliance,Hypercorp
Emma Gruber,f,1,1,Lunar-Lagrange Alliance,Exsurgent
Phase,f,1,1,Autonomist,Exhuman
Mary Jaws Yilmaz,m,1,1,Lunar-Lagrange Alliance,Exhuman
Wake Up,m,1,1,Autonomist,Argonaut
Maryam Kumar,f,1,1,Lunar-Lagrange Alliance,Barsoomian
IK,f,1,1,Autonomist,Gatecrasher
Rasmus Merchant Kim,m,1,1,Lunar-Lagrange Alliance,Gatecrasher
Olga Lin,f,1,1,Lunar-Lagrange Alliance,Argonaut
T. Rex,nb,1,1,Autonomist,Exsurgent
Silver Poison,f,1,1,Autonomist,Barsoomian
Vuk Hila,m,1,1,Lunar-Lagrange Alliance,Exhuman
Leo Popovic,m,1,1,Lunar-Lagrange Alliance,Firewall
Jeho Tidl,m,1,1,Autonomist,Firewall
Wakana Ivanou,f,1,1,Lunar-Lagrange Alliance,Hypercorp
Tunap Yilmaz,m,1,1,Lunar-Lagrange Alliance,Barsoomian
Wapon Andov,m,1,1,Lunar-Lagrange Alliance,Hypercorp
Emilija Khondakar,f,1,1,Lunar-Lagrange Alliance,Barsoomian
Aikaterini Popovic,f,1,1,Lunar-Lagrange Alliance,Brinker
Torir Brown,m,1,1,Lunar-Lagrange Alliance,Firewall
Doppelganger,f,1,1,Autonomist,Criminal
Dandelion,m,1,1,Autonomist,Indenture
Precious Nagy,f,1,1,Extropian,Bioconservative
Amalthea,f,1,1,Lunar-Lagrange Alliance,Brinker
Kabh Kovacevic,f,1,1,Lunar-Lagrange Alliance,TITAN
Night,nb,1,1,Autonomist,Hypercorp
Yukc Venus Jovanovic,m,2,1,Lunar-Lagrange Alliance,Jovian,Indenture
Naranbaatar Andov,m,1,1,Lunar-Lagrange Alliance,Hypercorp
Euporie,f,1,1,Autonomist,Argonaut
Jazmin Nguyen,f,1,2,Lunar-Lagrange Alliance,TITAN,Criminal
Yelizaveta Hansen,f,1,1,Lunar-Lagrange Alliance,Barsoomian
Jayden Borg,m,1,1,Lunar-Lagrange Alliance,Hypercorp
Salma Deqixe De Jong,f,1,1,Lunar-Lagrange Alliance,Firewall
To The Beat Ti El Pi,m,1,1,Anarchist,Argonaut
Salma Pirusn,f,1,1,Lunar-Lagrange Alliance,Barsoomian
E,m,1,1,Autonomist,Criminal
Fatoumata Cero,f,1,1,Lunar-Lagrange Alliance,Exsurgent
Truth Yesterday,f,1,1,Autonomist,Criminal
Mar Berzins,f,1,1,Lunar-Lagrange Alliance,Brinker
Shaimaa Khondakar,f,1,1,Lunar-Lagrange Alliance,Hypercorp
Rasmus Schmit,m,1,1,Lunar-Lagrange Alliance,Indenture
Styx,f,1,1,Autonomist,Exhuman
Gear,nb,1,1,Autonomist,Hypercorp
Emily Pear Horvath,f,1,1,Lunar-Lagrange Alliance,Exhuman
Martin Nigw,m,1,1,Lunar-Lagrange Alliance,Argonaut
Dominique Panther Wong,f,1,1,Lunar-Lagrange Alliance,Indenture
Light,m,1,1,Autonomist,Firewall
File Smith,m,1,1,Lunar-Lagrange Alliance,Criminal
Sunshine,m,1,1,Autonomist,Barsoomian
Logan Fernandez,m,1,1,Lunar-Lagrange Alliance,Criminal
Zeynab Duly,nb,1,1,Lunar-Lagrange Alliance,TITAN
Eliska Buwy Lopez,f,1,1,Autonomist,Firewall
Hades,f,1,1,Autonomist,Bioconservative
Lucia Yokr,f,1,1,Planetary Consortium,Brinker
Yamoa Peeters,f,1,1,Lunar-Lagrange Alliance,Indenture
Sparrow-Noyu,m,1,1,Autonomist,Firewall
Eva Melnyk,f,1,1,Lunar-Lagrange Alliance,TITAN
Rasmus Perera,m,1,1,Lunar-Lagrange Alliance,Bioconservative
Hei,nb,1,1,Autonomist,Firewall
Zahra Smirnov,f,1,2,Lunar-Lagrange Alliance,TITAN,Criminal
Nareh Gruber,f,1,1,Lunar-Lagrange Alliance,Bioconservative
Zala Wong,nb,1,1,Lunar-Lagrange Alliance,Firewall
Interframe Baek,m,1,1,Lunar-Lagrange Alliance,Bioconservative
James Horvath,m,1,1,Lunar-Lagrange Alliance,TITAN
Ben Khondakar,m,1,2,Planetary Consortium,Exsurgent,TITAN
Mars,f,1,1,Autonomist,Firewall
Mod White Lin,m,1,1,Lunar-Lagrange Alliance,Firewall
Wohm Hovhannisyan,nb,1,1,Lunar-Lagrange Alliance,Bioconservative
Sav Silva,m,1,1,Lunar-Lagrange Alliance,Criminal
Eight Strokes,f,1,1,Lunar-Lagrange Alliance,Indenture
Youssef Murphy,m,1,1,Lunar-Lagrange Alliance,TITAN
Andreas Krasniqi,m,1,1,Lunar-Lagrange Alliance,Hypercorp
Alice Brown Smith,nb,1,1,Lunar-Lagrange Alliance,Bioconservative
Mia Romor,f,1,1,Lunar-Lagrange Alliance,Bioconservative
88,f,1,1,Autonomist,Bioconservative
La Eight,f,1,1,Autonomist,Firewall
Methone,f,1,1,Autonomist,Brinker
Furidu Harutyunyan,m,1,1,Lunar-Lagrange Alliance,Bioconservative
Giorgi Sanchez,m,1,2,Lunar-Lagrange Alliance,Criminal,Hypercorp
Anyway,f,2,1,Autonomist,Lunar-Lagrange Alliance,Indenture
Naranbaatar Leti,m,1,1,Lunar-Lagrange Alliance,Gatecrasher
Roberts Garcia,m,1,1,Lunar-Lagrange Alliance,Indenture
Fight You,f,1,1,Autonomist,Brinker
Ananke,f,1,1,Lunar-Lagrange Alliance,Argonaut
Alexandre Taylor,m,1,1,Lunar-Lagrange Alliance,Brinker
Star Child,f,1,1,Autonomist,Gatecrasher
Kodilu Kovacic,nb,1,1,Lunar-Lagrange Alliance,Barsoomian
Eater,f,1,1,Autonomist,Bioconservative
Isla Harutyunyan,f,1,2,Lunar-Lagrange Alliance,Exsurgent,Firewall
Lucia Khondakar,nb,1,1,Lunar-Lagrange Alliance,Firewall
67 Pabel Smith,f,1,1,Lunar-Lagrange Alliance,Exhuman
Namaka,m,1,1,Autonomist,Brinker
Again Puck,m,1,1,Autonomist,Exsurgent
Luis Polas,nb,1,1,Lunar-Lagrange Alliance,Gatecrasher
Erriapus,f,1,1,Lunar-Lagrange Alliance,Barsoomian
Daft Wanna,f,1,1,Autonomist,Brinker
Mohammad Andov,m,1,2,Lunar-Lagrange Alliance,Brinker,Bioconservative
Meyu Black Jones,m,1,1,Lunar-Lagrange Alliance,Barsoomian
Worm,m,1,1,Autonomist,Argonaut
Cel Johnson,f,1,1,Lunar-Lagrange Alliance,Hypercorp
Martin Nereid Brown,m,1,1,Lunar-Lagrange Alliance,Criminal
Jackpot,f,2,1,Autonomist,Jovian,Exsurgent
Darkness,f,1,1,Autonomist,Barsoomian
Camila Jarsn,f,1,1,Lunar-Lagrange Alliance,Criminal
Martin Meier,m,1,1,Lunar-Lagrange Alliance,TITAN
Wuha Singh,m,1,1,Lunar-Lagrange Alliance,Argonaut
Margret Joensen,nb,1,1,Lunar-Lagrange Alliance,Barsoomian
Sparrow,f,1,2,Autonomist,Exsurgent,Bioconservative
Amina-Tayebo Hernandez,f,1,1,Lunar-Lagrange Alliance,Exsurgent
Red Namaka,f,1,1,Autonomist,Exhuman
Punk Hexadecimal,f,1,1,Autonomist,Brinker
Only Oliver Rusu,m,1,1,Lunar-Lagrange Alliance,Criminal
Uunp VH-17272987,m,1,1,Autonomist,Exsurgent
Monster Red-Peha,m,1,1,Tharsis League,TITAN
Enceladus,f,1,1,Autonomist,Criminal
Higy Berzins,m,1,1,Lunar-Lagrange Alliance,Bioconservative
Shapeshifter,m,1,1,Autonomist,Bioconservative
Punk Omni,m,1,1,Autonomist,Bioconservative
Olympus Worm,nb,1,1,Autonomist,Exsurgent
Salma Melnyk,f,1,1,Lunar-Lagrange Alliance,Hypercorp
Emilija Alien Nagy,f,1,2,Lunar-Lagrange Alliance,Gatecrasher,Exhuman
Ella Ava Hugifu Mamedovi,f,1,1,Lunar-Lagrange Alliance,Indenture
Tatu Nilsson Honesty,m,1,1,Lunar-Lagrange Alliance,Indenture
Pasiphae D,f,1,1,Autonomist,Argonaut
Amina Munoz,f,1,1,Lunar-Lagrange Alliance,Indenture
Demon,m,1,1,Autonomist,Exhuman
Lowca KX Muller,f,1,1,Lunar-Lagrange Alliance,Firewall
Alice Benitez,f,1,1,Extropian,TITAN
Cef Korhonen,m,1,1,Lunar-Lagrange Alliance,Firewall
Eliska Perez,f,1,1,Lunar-Lagrange Alliance,TITAN
21,m,1,1,Autonomist,Firewall
Daris Sousa,m,1,1,Lunar-Lagrange Alliance,Bioconservative
Sunset,m,1,1,Autonomist,Exsurgent
Alexandre Jones,m,1,1,Autonomist,Gatecrasher
Tim Singh,m,1,1,Lunar-Lagrange Alliance,Argonaut
Mia Nielsen,f,1,1,Lunar-Lagrange Alliance,Bioconservative
Interfr,nb,1,1,Autonomist,Bioconservative
Forever,m,1,1,Autonomist,Barsoomian
David Pasiphae Rossi,m,1,1,Lunar-Lagrange Alliance,Brinker
Turi Brown,f,1,1,Lunar-Lagrange Alliance,Gatecrasher
Aeuf,f,1,1,Autonomist,Indenture
Wugmi Beridze,nb,1,2,Lunar-Lagrange Alliance,Exhuman,Brinker
Zeynep-Dono Silva,f,2,1,Lunar-Lagrange Alliance,Titanian,Barsoomian
In Control,m,1,1,Planetary Consortium,Gatecrasher
Jortu Perera,m,1,1,Lunar-Lagrange Alliance,Hypercorp
Sopufo Lotus Garcia,m,1,1,Titanian,Indenture
Emilia Feya,f,1,1,Lunar-Lagrange Alliance,Hypercorp
Isabella Bianchi,f,1,1,Lunar-Lagrange Alliance,TITAN
Calibrating Dusk,f,1,2,Autonomist,Argonaut,Hypercorp
Other,m,1,1,Autonomist,Brinker
Ayse Fidoi,f,1,1,Lunar-Lagrange Alliance,Indenture
6834309-A,f,1,1,Lunar-Lagrange Alliance,Barsoomian
Giulia Enceladus Khondakar,f,1,1,Lunar-Lagrange Alliance,Hypercorp
Anemoia Jackal,f,1,1,Autonomist,Criminal
Olivia Krasniqi,f,1,1,Lunar-Lagrange Alliance,Argonaut
Mary Garcia,f,1,1,Lunar-Lagrange Alliance,Brinker
Ben Schmit,m,1,1,Jovian,TITAN
Nudui Gonzalez,m,1,1,Lunar-Lagrange Alliance,TITAN
Jayden Benitez,m,1,1,Lunar-Lagrange Alliance,Indenture
Siarnaq,m,1,1,Autonomist,Barsoomian
Martin Sanchez,m,1,1,Lunar-Lagrange Alliance,Hypercorp
Pau-Miseru Beridze,m,1,1,Autonomist,Brinker
Anyway,m,1,1,Autonomist,Gatecrasher
Asteroid Tea,m,1,1,Autonomist,Bioconservative
Emilia Krasniqi,f,1,1,Lunar-Lagrange Alliance,Gatecrasher
Qwerty,m,1,1,Autonomist,Firewall
Dahe Meier,m,2,1,Lunar-Lagrange Alliance,Extropian,Brinker
Phobos,f,1,1,Autonomist,Argonaut
Bufiti Kovacevic,m,1,1,Lunar-Lagrange Alliance,Argonaut
Nevenu Nguyen,m,1,1,Lunar-Lagrange Alliance,Argonaut
James Sanchez Pluto,m,1,1,Lunar-Lagrange Alliance,Brinker
Bik-73,f,1,1,Autonomist,Bioconservative
Eva Robertson,f,1,1,Lunar-Lagrange Alliance,Criminal
Sunshine Xanatos,nb,1,1,Lunar-Lagrange Alliance,Brinker
Mac Peeters,m,1,1,Lunar-Lagrange Alliance,Criminal
Ramon Mammadov,m,1,1,Lunar-Lagrange Alliance,Indenture
Roberts Garcia,m,1,1,Lunar-Lagrange Alliance,TITAN
Iokg Hypno,f,1,1,Autonomist,Indenture
Kerosene,m,1,1,Autonomist,Brinker
Fasca Nilsson,m,1,1,Lunar-Lagrange Alliance,Hypercorp
Hypno,f,1,1,Autonomist,Exsurgent
Ella Girag,f,1,1,Lunar-Lagrange Alliance,Barsoomian
Pyro,f,1,1,Autonomist,Barsoomian
Francisco Ravaf,m,1,1,Autonomist,TITAN
Luka Borg,nb,1,1,Lunar-Lagrange Alliance,Exhuman
Filip Sanchez,m,1,1,Lunar-Lagrange Alliance,Barsoomian
Lily,f,1,1,Autonomist,TITAN
Pehse Siarnaq Fernandez,nb,1,1,Scum,Brinker
Petros Elara Kaslauskas,f,1,1,Autonomist,Bioconservative
Mariana Robertson,f,1,1,Lunar-Lagrange Alliance,Argonaut
Ribbit,f,1,1,Autonomist,Barsoomian
Sophie Ivanou,f,1,1,Lunar-Lagrange Alliance,Bioconservative
Gap Ijiraq,f,1,1,Autonomist,Barsoomian
Fivi Gear Martinez,f,1,1,Lunar-Lagrange Alliance,Hypercorp
Mia Garcia,f,1,1,Tharsis League,Hypercorp
KG4 Togetherness,m,1,1,Autonomist,Brinker
Oqewowo,f,1,1,Lunar-Lagrange Alliance,Brinker
Dimension,m,1,1,Autonomist,Indenture
Aarav-Fite Beridze,m,1,1,Lunar-Lagrange Alliance,TITAN
Jeh Borg,f,1,1,Lunar-Lagrange Alliance,Gatecrasher
Carbon Way,f,1,1,Autonomist,Firewall
Ananke-Tudine,f,1,1,Autonomist,TITAN
All Of Us,f,1,1,Anarchist,Indenture
Jose Wolob,m,2,1,Lunar-Lagrange Alliance,Planetary Consortium,Brinker
Xanatos,m,1,1,Autonomist,Firewall
Camila Harutyunyan,nb,1,1,Lunar-Lagrange Alliance,TITAN
Long Ago,f,1,1,Jovian,Brinker
Speed Glassed,m,1,1,Autonomist,Barsoomian
Patricia Sousa,f,1,1,Lunar-Lagrange Alliance,Firewall
Fight You Nereid,f,1,1,Autonomist,Barsoomian
Artsiom Khondakar,m,1,1,Lunar-Lagrange Alliance,Exsurgent
In Control,f,1,1,Autonomist,Gatecrasher
Aikaterini Murphy,f,1,1,Lunar-Lagrange Alliance,Exhuman
Wejug Hovhannisyan,m,1,1,Lunar-Lagrange Alliance,Barsoomian
Mihail Khondakar,m,1,1,Lunar-Lagrange Alliance,Firewall
Berat Borg,m,1,1,Lunar-Lagrange Alliance,Indenture
Hyperion,m,1,1,Autonomist,Barsoomian
Euporie-Buw,f,1,1,Autonomist,Criminal
Ai Perera,f,1,1,Lunar-Lagrange Alliance,Brinker
And Time Testy,m,1,1,Autonomist,Gatecrasher
Bastion,f,1,2,Autonomist,Hypercorp,Barsoomian
Celine CAL Beridze,f,1,1,Lunar-Lagrange Alliance,Brinker
665,f,1,1,Autonomist,Exhuman
Filip Cohen,m,1,1,Lunar-Lagrange Alliance,Exsurgent
Rfutn,nb,2,1,Autonomist,Tharsis League,Criminal
Tomorrow,f,1,1,Autonomist,Indenture
Fantasy,f,1,1,Autonomist,Indenture
Glow,m,1,1,Jovian,Gatecrasher
Green,f,1,1,Autonomist,TITAN
Tethys,m,1,1,Autonomist,Indenture
Nor Dodau,f,1,1,Lunar-Lagrange Alliance,Brinker
Vokbn Samaras,f,1,1,Lunar-Lagrange Alliance,Indenture
Milica Silva,f,1,1,Lunar-Lagrange Alliance,Indenture
Doginu Meier,m,1,1,Autonomist,Exhuman
Gurju Joensen,m,1,1,Lunar-Lagrange Alliance,Hypercorp
From Whence,f,1,1,Autonomist,Indenture
Nora Teee Samaras,f,1,1,Lunar-Lagrange Alliance,Exsurgent
Togetherness Iapetus,m,1,1,Autonomist,TITAN
Nonsense,m,1,1,Autonomist,Gatecrasher
Ximena Muller,f,1,1,Lunar-Lagrange Alliance,Argonaut
Cawr-Rigu Berzins,m,1,1,Lunar-Lagrange Alliance,Barsoomian
Benjamin Hovhannisyan,m,1,1,Lunar-Lagrange Alliance,Bioconservative
Nora Fus,f,1,1,Lunar-Lagrange Alliance,Gatecrasher
Bingo,f,1,1,Autonomist,Hypercorp
Mercury,f,1,1,Autonomist,Indenture
Epimetheus Marija Hoxha,f,1,1,Lunar-Lagrange Alliance,Criminal
Blue,m,1,1,Autonomist,TITAN
Yelizaveta Calibrating Kovacic,nb,1,1,Lunar-Lagrange Alliance,Exhuman
Lina Sirwe,f,1,2,Lunar-Lagrange Alliance,Argonaut,Brinker
Countdown,m,1,1,Autonomist,Firewall
Omar Kaslauskas,f,1,1,Lunar-Lagrange Alliance,Hypercorp
Stefan Hovhannisyan,f,1,1,Autonomist,Firewall
Ribbit Jaws,m,1,1,Autonomist,Exhuman
Lum Hoqn Mammadov,f,1,1,Lunar-Lagrange Alliance,TITAN
Pinh Johnson,f,1,1,Anarchist,TITAN
Celine Martinez,f,1,1,Lunar-Lagrange Alliance,Hypercorp
Marc Rodriguez,m,1,1,Lunar-Lagrange Alliance,Indenture
Maria del Carmen Tomai,f,1,1,Lunar-Lagrange Alliance,Hypercorp
Martina Tremblay,f,1,1,Lunar-Lagrange Alliance,Exhuman
Berat Khondakar,m,1,2,Lunar-Lagrange Alliance,Firewall,Argonaut
Charon,m,1,1,Autonomist,Indenture
White Speed,m,2,1,Autonomist,Anarchist,Criminal
Bastion Buffer,f,1,2,Autonomist,Firewall,Exsurgent
Hiro Joensen,m,1,2,Lunar-Lagrange Alliance,Criminal,Brinker
Dragan Santos,m,1,1,Lunar-Lagrange Alliance,Indenture
Anaranjada Badger,m,1,1,Autonomist,Indenture
QXX,f,1,1,Autonomist,Gatecrasher
RW-572550409,f,1,1,Autonomist,Criminal
Ijiraq Rationality,f,1,1,Autonomist,TITAN
Albiorix Oliver Berzins,m,1,1,Lunar-Lagrange Alliance,Bioconservative
Green,m,1,1,Autonomist,TITAN
Youssef Kovacevic,m,1,1,Autonomist,Brinker
Eight,f,1,1,Autonomist,Barsoomian
Gabriel Jovanovic,nb,1,1,Lunar-Lagrange Alliance,Brinker
Commander Terabyte,m,1,1,Autonomist,TITAN
Sebastian Taylor,m,1,1,Lunar-Lagrange Alliance,Exsurgent
Sara Lin,f,1,1,Lunar-Lagrange Alliance,TITAN
Patricia Blondal,f,1,1,Lunar-Lagrange Alliance,Argonaut
Shadow,m,1,1,Autonomist,Barsoomian
Fy Clone,m,1,1,Lunar-Lagrange Alliance,Argonaut
Speed,m,1,1,Autonomist,Indenture
Dandelion,f,1,1,Autonomist,Indenture
Maria Eduarda Hoxha,m,1,1,Lunar-Lagrange Alliance,Hypercorp
Vw You Do,m,1,1,Autonomist,TITAN
Worm,f,1,1,Autonomist,Barsoomian
Omar-Meduh Wilson,m,1,1,Lunar-Lagrange Alliance,Barsoomian
I Thought About It For A Long Time,m,1,1,Autonomist,TITAN
Aya Wilson,f,1,1,Lunar-Lagrange Alliance,Hypercorp
Amir-Ali Tremblay,m,1,1,Lunar-Lagrange Alliance,Hypercorp
Aya-Makpi Nielsen,f,1,1,Lunar-Lagrange Alliance,Hypercorp
Siseji Tremblay,m,1,1,Lunar-Lagrange Alliance,Argonaut
Tess Lin,f,1,2,Morningstar Constellation,Bioconservative,Brinker
Pub Fweh,m,1,1,Autonomist,Barsoomian
Liam Murphy,m,1,1,Lunar-Lagrange Alliance,Criminal
Stefan Aliyev,m,1,1,Autonomist,Brinker
Radio Star Poison,m,1,1,Autonomist,Argonaut
Aron Hernandez,m,1,1,Lunar-Lagrange Alliance,Criminal
Pogda Gruber,f,1,1,Lunar-Lagrange Alliance,Argonaut
Noah Hovhannisyan,m,1,1,Lunar-Lagrange Alliance,Criminal
Noemi Munoz,f,1,1,Lunar-Lagrange Alliance,Criminal
Wakana Hades Murphy,f,1,1,Lunar-Lagrange Alliance,Argonaut
Naranbaatar Joensen,m,1,1,Lunar-Lagrange Alliance,Argonaut
Elise Sebu,f,1,2,Lunar-Lagrange Alliance,Indenture,Barsoomian
Vasl Nguyen,f,1,1,Lunar-Lagrange Alliance,Exsurgent
Galileo,m,1,2,Autonomist,Brinker,Indenture
Monster Retribution,f,1,1,Autonomist,Exsurgent
Wayfinder Eater,m,1,1,Autonomist,Hypercorp
Xanatos,nb,1,1,Autonomist,Brinker
Ichika Andersson,m,1,1,Lunar-Lagrange Alliance,Indenture
Sebastian Lukas Perez Novak,m,1,1,Lunar-Lagrange Alliance,Indenture
Sevinj Johansson,f,1,1,Lunar-Lagrange Alliance,Exhuman
Ximena Hernandez,f,1,1,Lunar-Lagrange Alliance,TITAN
Lukas Taylor,m,1,1,Lunar-Lagrange Alliance,TITAN
Mia Singh,f,1,1,Lunar-Lagrange Alliance,Argonaut
Daris Omni Colw,m,1,1,Lunar-Lagrange Alliance,Indenture
Lina Andersson,f,1,1,Autonomist,TITAN
Dandelion Europa,m,1,1,Autonomist,Gatecrasher
ZXY,m,1,1,Autonomist,Criminal
Yanew Pegum,nb,1,1,Lunar-Lagrange Alliance,Criminal
Three Biggs,f,1,1,Lunar-Lagrange Alliance,Argonaut
Davit Samaras,m,1,1,Lunar-Lagrange Alliance,Firewall
Zachary Beridze,m,1,1,Autonomist,Indenture
Sanity,nb,1,1,Tharsis League,Exhuman
Jovana XO Rusu,f,1,1,Lunar-Lagrange Alliance,Bioconservative
Joao Yub,m,1,1,Lunar-Lagrange Alliance,Indenture
Elie Hovhannisyan,m,1,1,Lunar-Lagrange Alliance,Firewall
Lies Riuv-77,m,1,1,Autonomist,Indenture
Ceres,m,1,1,Autonomist,TITAN
Mia Ivanov,f,1,1,Lunar-Lagrange Alliance,Firewall
Lina Muller,f,1,1,Lunar-Lagrange Alliance,Barsoomian
Callirrhoe,m,1,1,Autonomist,Exsurgent
Liam Gonzalez,m,1,1,Lunar-Lagrange Alliance,Exsurgent
Panther,nb,1,1,Autonomist,Exhuman
Odval Hajag,f,1,1,Scum,Firewall
Charon Speed,m,1,1,Autonomist,Exhuman
Aron Hegii,m,1,1,Extropian,Firewall
Enzo Gabriel OE-7393839 Fernandez,m,1,1,Lunar-Lagrange Alliance,Argonaut
Jose Borg,m,1,1,Lunar-Lagrange Alliance,Firewall
Mihail Suyi Wilson,m,1,1,Scum,Barsoomian
Dragan Silva,m,1,1,Lunar-Lagrange Alliance,TITAN
Lubt Nilsson,f,1,1,Lunar-Lagrange Alliance,TITAN
Mirjana De Jong,nb,1,1,Lunar-Lagrange Alliance,Hypercorp
Siarnaq,m,1,1,Autonomist,Criminal
Extraterrestrial,m,1,1,Autonomist,Firewall
Go-Go Saturn,m,1,1,Autonomist,Brinker
Omar Sousa Paaliaq,m,1,1,Lunar-Lagrange Alliance,Argonaut
Bingo Lea Andov,f,1,1,Lunar-Lagrange Alliance,TITAN
GI Victim,m,1,1,Autonomist,Bioconservative
Sebastian Sky Kuznetsov,m,1,1,Lunar-Lagrange Alliance,Exsurgent
Junior-Goc Mammadov,m,1,1,Lunar-Lagrange Alliance,Argonaut
Kiua-Wivs Pear,nb,1,2,Autonomist,Gatecrasher,Criminal
Yu Di Pi,f,1,1,Autonomist,Hypercorp
Siarnaq Filip Aliyev,m,1,1,Lunar-Lagrange Alliance,Bioconservative
Emily Wong,f,1,1,Lunar-Lagrange Alliance,Criminal
Amir-Ali Nowak,nb,2,1,Lunar-Lagrange Alliance,Titanian,Barsoomian
Bence Aliyev Change Gate,m,1,1,Lunar-Lagrange Alliance,Argonaut
Byte,m,1,1,Autonomist,TITAN
Leo Aliyev,m,1,2,Lunar-Lagrange Alliance,Brinker,Hypercorp
Markel Case Popovic,nb,1,1,Lunar-Lagrange Alliance,Hypercorp
Cosmo,m,1,1,Autonomist,Exsurgent
Menohe Martin,f,1,1,Lunar-Lagrange Alliance,Exsurgent
Ichika Aliyev,m,1,1,Lunar-Lagrange Alliance,Hypercorp
Oberon Amalthea,nb,1,1,Morningstar Constellation,TITAN
Qajan Rul,m,1,1,Autonomist,Exhuman
I,m,1,1,Autonomist,Barsoomian
Sunset,nb,1,1,Autonomist,Brinker
Valentina Rodriguez,f,1,1,Lunar-Lagrange Alliance,Brinker
Joao Andov,f,1,1,Lunar-Lagrange Alliance,TITAN
Euporie,f,1,1,Autonomist,Brinker
So Krasniqi,nb,1,1,Lunar-Lagrange Alliance,Firewall
Yunih Pudf Yilmaz Andersson,f,1,1,Lunar-Lagrange Alliance,Hypercorp
Emilija Nguyen,f,1,1,Lunar-Lagrange Alliance,Bioconservative
Dione,f,1,1,Autonomist,Argonaut
Lea Nehdi,f,1,1,Lunar-Lagrange Alliance,Indenture
Carbon,m,1,1,Autonomist,TITAN
Siaat,f,1,1,Autonomist,Gatecrasher
Buffer Glass,m,1,1,Autonomist,Barsoomian
Bence Robertson,m,1,1,Lunar-Lagrange Alliance,Criminal
Enzo Gabriel Hodzic,m,1,1,Lunar-Lagrange Alliance,Gatecrasher
Sit Sevas,f,1,1,Lunar-Lagrange Alliance,Hypercorp
Petros Jamefi,m,1,1,Lunar-Lagrange Alliance,Exsurgent
Gugu Ivanou,m,1,1,Lunar-Lagrange Alliance,Exsurgent
Victoria Khondakar,f,1,1,Lunar-Lagrange Alliance,Firewall
Tamar Nguyen,f,1,1,Autonomist,Hypercorp
Truth,m,1,1,Autonomist,Criminal
Hydar Meier,m,1,1,Lunar-Lagrange Alliance,Argonaut
Alice Perez,f,1,1,Lunar-Lagrange Alliance,Exsurgent
Florencia Hansen,f,1,1,Lunar-Lagrange Alliance,Brinker
Jiciu Lies Khondakar,m,1,1,Lunar-Lagrange Alliance,Hypercorp
Jackson Nilsson,m,1,1,Lunar-Lagrange Alliance,Brinker
Pluto,m,1,1,Autonomist,TITAN
Zwi,m,1,1,Autonomist,Argonaut
Alysha Tez Mipi,f,1,1,Lunar-Lagrange Alliance,TITAN
Namaka 7775531352-G,m,1,1,Autonomist,Gatecrasher
Mota Kovacevic,f,1,1,Autonomist,Indenture
Mirjana Horvath,f,1,1,Lunar-Lagrange Alliance,Hypercorp
Hiro Lopez,m,1,1,Lunar-Lagrange Alliance,Gatecrasher
Marc Nielsen,m,1,1,Lunar-Lagrange Alliance,Exsurgent
G,f,1,1,Autonomist,Brinker
Emily Nowak,f,1,1,Lunar-Lagrange Alliance,Firewall
Giorgi Fires Mamedovi,m,1,2,Lunar-Lagrange Alliance,Criminal,TITAN
Nenav Martinez,m,1,1,Lunar-Lagrange Alliance,Brinker
World Night,f,1,1,Autonomist,Barsoomian
Ue,m,1,1,Autonomist,Criminal
Sorrow,f,1,1,Autonomist,Indenture
Charon Revenge,m,1,1,Autonomist,Argonaut
Jackpot,m,1,1,Autonomist,Bioconservative
Paaliaq,nb,1,1,Lunar-Lagrange Alliance,Firewall
Tomorrow-Tah Himalia,m,1,1,Autonomist,Indenture
Marc Bianchi,m,1,1,Lunar-Lagrange Alliance,Brinker
Galileo Dimension,f,1,1,Autonomist,Barsoomian
Nathan Perera,m,1,1,Autonomist,Criminal
Galileo Bilal Gruber,f,1,1,Autonomist,Criminal
Bamd Tamm,f,1,1,Lunar-Lagrange Alliance,Exsurgent
Revenge,m,1,1,Autonomist,Brinker
XZ Dwwa,m,1,1,Autonomist,Brinker
Bujiu Hovhannisyan,m,1,1,Lunar-Lagrange Alliance,Gatecrasher
Styx,f,1,1,Autonomist,Exhuman
From Whence,m,1,1,Autonomist,Criminal
Gepln Omni Robertson,f,1,1,Lunar-Lagrange Alliance,Hypercorp
Television,m,1,1,Autonomist,TITAN
Cat,m,1,1,Autonomist,Exhuman
Charlie Ivanov,m,1,1,Lunar-Lagrange Alliance,Bioconservative
Slither,f,1,1,Autonomist,Barsoomian
Bilal Awp Johnson,m,1,1,Morningstar Constellation,Hypercorp
A Long Time Ago,f,1,1,Autonomist,Exhuman
Jackal,f,2,1,Autonomist,Extropian,Exhuman
Merchant Hi iaka,f,1,1,Autonomist,Brinker
Cit Gonzalez,nb,1,1,Lunar-Lagrange Alliance,Firewall
Daniel Kawe,m,1,1,Lunar-Lagrange Alliance,Gatecrasher
Olympus,f,1,1,Autonomist,Indenture
Mirjana Hovhannisyan,nb,1,1,Lunar-Lagrange Alliance,Criminal
Ceres Rhea,m,1,1,Autonomist,Barsoomian
Half-Baked,f,1,1,Autonomist,Indenture
Electric,m,1,1,Autonomist,Exsurgent
George Santos,m,1,1,Lunar-Lagrange Alliance,Barsoomian
Catherine Ivanov,f,1,1,Lunar-Lagrange Alliance,Bioconservative
Extrasolar,nb,1,1,Autonomist,Barsoomian
William Themisto Ivanov,m,1,1,Lunar-Lagrange Alliance,Argonaut
Mars Zyay,m,1,1,Autonomist,Brinker
Glassed,nb,1,1,Autonomist,TITAN
Knuckles,f,1,1,Autonomist,Indenture
Pojyv,m,1,1,Autonomist,Bioconservative
Ganymede,f,1,1,Lunar-Lagrange Alliance,Hypercorp
Ache,f,1,2,Autonomist,Exsurgent,Firewall
Aron Ida Horvat Garcia,m,1,1,Lunar-Lagrange Alliance,TITAN
Sorrow,f,1,1,Autonomist,Gatecrasher
Glow,f,1,1,Autonomist,Bioconservative
Dandelion,m,1,1,Autonomist,Barsoomian
Abdul Rahman Nagy,m,1,1,Lunar-Lagrange Alliance,Indenture
Deimos,m,1,1,Autonomist,Bioconservative
Abdul Rahman Jones,m,1,1,Lunar-Lagrange Alliance,Brinker
To The Beat,m,1,1,Autonomist,Indenture
Juan David Zub Dekal,m,1,1,Lunar-Lagrange Alliance,Argonaut
Dragan Korhonen,m,1,1,Lunar-Lagrange Alliance,Barsoomian
38 From Whence,f,1,1,Autonomist,Brinker
Mehmet Murphy,m,1,1,Lunar-Lagrange Alliance,Brinker
Anna Joensen,f,1,1,Lunar-Lagrange Alliance,Brinker
