m,f,ln,,,,,,,
Aaron,Aaliyah,Acosta,,,,,,,
Abel,Abigail,Adams,,,,,,,
Abraham,Abril,Aguilar,,,,,,,
Ace,Adalyn,Aguirre,,,,,,,
Adam,Adalynn,Allen,,,,,,,
Adrian,Addison,Alvarado,,,,,,,
Adrián,Adeline,Álvarez,,,,,,,
Adriel,Adelyn,Anderson,,,,,,,
Agustín,Adriana,Araya,,,,,,,
Aidan,Agustina,Arellano,,,,,,,
Aiden,Alaina,Arias,,,,,,,
Ajani,Alana,Ávila,,,,,,,
Alan,Alexa,Ayala,,,,,,,
Alejandro,Alexandra,Bailey,,,,,,,
Alex,Alexis,Baker,,,,,,,
Alexander,Alice,Barnes,,,,,,,
Alexis,Alina,Barrera,,,,,,,
Alonso,Aline,Bell,,,,,,,
Amir,Alivia,Beltrán,,,,,,,
Andres,Aliyah,Bennett,,,,,,,
Andrés Felipe,Allison,Bouchard,,,,,,,
Andrew,Alysha,Brooks,,,,,,,
Angel,Alyssa,Brown,,,,,,,
Anthony,Amaia,Butler,,,,,,,
Antonio,Amanda,Cabrera,,,,,,,
Antônio,Amara,Calderón,,,,,,,
Archer,Amaya,Camacho,,,,,,,
Arthur,Amelia,Campbell,,,,,,,
Asher,Amilia,Campos,,,,,,,
Ashton,Amy,Cárdenas,,,,,,,
August,Ana,Carrillo,,,,,,,
Austin,Ana Clara,Carter,,,,,,,
Avery,Ana Julia,Castañeda,,,,,,,
Axel,Ana Paula,Castillo,,,,,,,
Ayden,Anastasia,Castro,,,,,,,
Barrett,Andrea,Cervantes,,,,,,,
Beau,Angeline,Chávez,,,,,,,
Beckett,Anna,Clark,,,,,,,
Benjamin,Annabelle,Collins,,,,,,,
Benjamín,Antonella,Contreras,,,,,,,
Bennett,Antônia,Cook,,,,,,,
Bentley,Arabella,Cooper,,,,,,,
Blake,Aria,Cortez,,,,,,,
Bradley,Ariana,Côté,,,,,,,
Brady,Arianna,Cox,,,,,,,
Brandon,Ariel,Cruz,,,,,,,
Brantley,Arya,Davis,,,,,,,
Braxton,Ashley,De la Cruz,,,,,,,
Brayden,Athena,De León,,,,,,,
Brody,Aubree,De Los Santos,,,,,,,
Brooks,Aubrey,Delgado,,,,,,,
Bruno,Audrey,Diaz,,,,,,,
Bryce,Aurora,Díaz,,,,,,,
Bryson,Autumn,Domínguez,,,,,,,
Caden,Ava,Edwards,,,,,,,
Caleb,Avery,Escobar,,,,,,,
Calvin,Ayla,Espinoza,,,,,,,
Camden,Bailey,Esquivel,,,,,,,
Cameron,Barbara,Estrada,,,,,,,
Carlos,Béatrice,Evans,,,,,,,
Carson,Beatriz,Fernández,,,,,,,
Carter,Bella,Figueroa,,,,,,,
Cayden,Brianna,Fisher,,,,,,,
César,Brielle,Flores,,,,,,,
Charles,Brooke,Fortin,,,,,,,
Charlie,Brooklyn,Foster,,,,,,,
Chase,Brooklynn,Franco,,,,,,,
Christian,Brynlee,Fuentes,,,,,,,
Christopher,Callie,Gagné,,,,,,,
Clayton,Camila,Gagnon,,,,,,,
Cole,Carolina,Gallegos,,,,,,,
Colin,Caroline,Galván,,,,,,,
Colt,Catalina,Garcia,,,,,,,
Colton,Catherine,García,,,,,,,
Connor,Cecilia,Garza,,,,,,,
Cooper,Charlie,Gauthier,,,,,,,
Damian,Charlotte,Gomez,,,,,,,
Daniel,Chedeline,Gómez,,,,,,,
Daniel Alejandro,Chloe,Gonzalez,,,,,,,
Davi Lucas,Claire,González,,,,,,,
Davi Lucca,Clara,Gray,,,,,,,
David,Concepción,Green,,,,,,,
Dawson,Cora,Guerrero,,,,,,,
Dean,Daisy,Gutierrez,,,,,,,
Declan,Daniela,Gutiérrez,,,,,,,
Derek,Delilah,Guzmán,,,,,,,
Diego,Diana,Hall,,,,,,,
Diego Alejandro,Dorothy,Harris,,,,,,,
Dominic,Dulce María,Hernandez,,,,,,,
Dylan,Eden,Hernández,,,,,,,
Dyllan,Eleanor,Herrera,,,,,,,
Easton,Elena,Hill,,,,,,,
Edward,Eliana,Howard,,,,,,,
Eli,Elise,Huerta,,,,,,,
Elias,Eliza,Hughes,,,,,,,
Elijah,Elizabeth,Ibarra,,,,,,,
Elliot,Ella,Jackson,,,,,,,
Elliott,Elliana,James,,,,,,,
Emiliano,Ellie,Jenkins,,,,,,,
Emilio,Eloise,Jiménez,,,,,,,
Emmanuel,Ember,Johnson,,,,,,,
Emmett,Emely,Jones,,,,,,,
Enzo,Emerson,Juárez,,,,,,,
Enzo Gabriel,Emersyn,Kelly,,,,,,,
Eric,Emery,King,,,,,,,
Ethan,Emilia,Lara,,,,,,,
Evan,Emily,Lavoie,,,,,,,
Evens,Emma,Lee,,,,,,,
Everett,Esther,León,,,,,,,
Ezekiel,Eva,Lewis,,,,,,,
Ezra,Evelyn,Long,,,,,,,
Fabian,Everleigh,Lopez,,,,,,,
Finn,Everly,López,,,,,,,
Francisco,Faith,Lozano,,,,,,,
Gabriel,Fernanda,Luna,,,,,,,
Gael,Finley,Madrigal,,,,,,,
Gavin,Fiona,Maldonado,,,,,,,
George,Florence,Márquez,,,,,,,
Giovanni,Florencia,Marroquín,,,,,,,
Graham,Francisca,Martin,,,,,,,
Grant,Gabriela,Martinez,,,,,,,
Grayson,Gabriella,Martínez,,,,,,,
Greyson,Gabrielle,Medina,,,,,,,
Griffin,Gemma,Mejía,,,,,,,
Harrison,Genesis,Méndez,,,,,,,
Hayden,Genevieve,Mendoza,,,,,,,
Heitor,Georgia,Meza,,,,,,,
Henry,Gianna,Miller,,,,,,,
Holden,Grace,Miranda,,,,,,,
Hudson,Gracie,Mitchell,,,,,,,
Hunter,Hadley,Molina,,,,,,,
Ian,Hailey,Montes,,,,,,,
Iker,Hannah,Moore,,,,,,,
Isaac,Harley,Mora,,,,,,,
Isaiah,Harmony,Morales,,,,,,,
Israel,Harper,Moreno,,,,,,,
Ivan,Hazel,Morgan,,,,,,,
Jace,Helena,Morin,,,,,,,
Jack,Iris,Morris,,,,,,,
Jackson,Isabel,Muñoz,,,,,,,
Jacob,Isabella,Murphy,,,,,,,
Jaden,Isabelle,Myers,,,,,,,
James,Isidora,Nava,,,,,,,
Jameson,Isla,Navarro,,,,,,,
Jason,Islande,Nelson,,,,,,,
Jasper,Ivy,Nguyen,,,,,,,
Javier,Jada,Núñez,,,,,,,
Jax,Jade,Ochoa,,,,,,,
Jaxon,Jasmine,Olvera,,,,,,,
Jaxson,Jennifer,Orellana,,,,,,,
Jayce,Jessica,Orozco,,,,,,,
Jayden,Joanna,Ortega,,,,,,,
Jeremiah,Jocelyn,Ortiz,,,,,,,
Jeremy,Jordyn,Ortíz,,,,,,,
Jerónimo,Josefa,Pacheco,,,,,,,
Jesse,Josephine,Padilla,,,,,,,
Jesus,Josie,Parker,,,,,,,
Jesús,Journee,Peña,,,,,,,
João,Judeline,Perez,,,,,,,
João Lucas,Julia,Pérez,,,,,,,
João Miguel,Juliana,Perry,,,,,,,
João Pedro,Julieta,Peterson,,,,,,,
Joaquín,Juliette,Phillips,,,,,,,
Joel,Kamila,Ponce,,,,,,,
John,Katherine,Portillo,,,,,,,
Jonah,Kayla,Powell,,,,,,,
Jonathan,Kaylee,Price,,,,,,,
Jordan,Kennedy,Ramirez,,,,,,,
Jorge,Khloe,Ramírez,,,,,,,
Jose,Kimberly,Ramos,,,,,,,
José,Kinsley,Rangel,,,,,,,
Joseph,Kylie,Reed,,,,,,,
Joshua,Laila,Reyes,,,,,,,
Josiah,Lauren,Richardson,,,,,,,
Josue,Layla,Ríos,,,,,,,
Juan,Léa,Rivas,,,,,,,
Juan Andrés,Leah,Rivera,,,,,,,
Juan David,Leilani,Roberts,,,,,,,
Juan José,Lila,Robinson,,,,,,,
Judah,Liliana,Robles,,,,,,,
Jude,Lillian,Rodriguez,,,,,,,
Julian,Lilly,Rodríguez,,,,,,,
Justin,Lily,Rogers,,,,,,,
Kaden,Linda,Rojas,,,,,,,
Kai,Liz,Romero,,,,,,,
Kaiden,London,Rosales,,,,,,,
Kaleb,Londyn,Rosario,,,,,,,
Karter,Lovelie,Rosas,,,,,,,
Kayden,Lovely,Ross,,,,,,,
Kenneth,Lucia,Roy,,,,,,,
Keven,Lucía,Ruíz,,,,,,,
Kevin,Luciana,Russell,,,,,,,
King,Lucy,Salas,,,,,,,
Kingston,Luna,Salazar,,,,,,,
Knox,Luz,Salinas,,,,,,,
Kyle,Lydia,Sanchez,,,,,,,
Kyrie,Lyla,Sánchez,,,,,,,
Landon,Mabel,Sanders,,,,,,,
Legend,Mackenzie,Sandoval,,,,,,,
Leo,Madeline,Santana,,,,,,,
Leon,Madelyn,Santos,,,,,,,
Leonardo,Madison,Scott,,,,,,,
Levi,Maite,Segura,,,,,,,
Liam,Marcia,Serrano,,,,,,,
Lincoln,Margaret,Silva,,,,,,,
Logan,Maria,Smith,,,,,,,
Lorenzo,María,Solís,,,,,,,
Luca,Maria Alice,Sosa,,,,,,,
Lucas,Maria Cecilia,Soto,,,,,,,
Luis,Maria Clara,Stewart,,,,,,,
Luiz,Maria Eduarda,Suárez,,,,,,,
Luke,María Fernanda,Sullivan,,,,,,,
Maddox,María José,Tapia,,,,,,,
Malachi,Maria Julia,Taylor,,,,,,,
Marcos,Maria Luiza,Thomas,,,,,,,
Marcus,Mariah,Thompson,,,,,,,
Mark,Mariana,Torres,,,,,,,
Martín,Marley,Tremblay,,,,,,,
Mason,Martina,Turner,,,,,,,
Mateo,Mary,Valdez,,,,,,,
Matias,Maya,Valencia,,,,,,,
Matías,Mckenzie,Valenzuela,,,,,,,
Matteo,Melanie,Valverde,,,,,,,
Matthew,Melody,Vargas,,,,,,,
Maverick,Mia,Vásquez,,,,,,,
Max,Micaela,Vega,,,,,,,
Maximiliano,Mikaela,Velásquez,,,,,,,
Maximus,Mila,Villalobos,,,,,,,
Maxwell,Milagros,Villanueva,,,,,,,
Messiah,Mirlande,Walker,,,,,,,
Micah,Molly,Ward,,,,,,,
Michael,Morgan,Watson,,,,,,,
Miguel,Mya,White,,,,,,,
Miguel Ángel,Myrlande,Williams,,,,,,,
Miles,Naomi,Wilson,,,,,,,
Milo,Natalia,Wood,,,,,,,
Myles,Natalie,Wright,,,,,,,
Nash,Nevaeh,Young,,,,,,,
Nathan,Nicole,Zamora,,,,,,,
Nathaniel,Noelle,Zavala,,,,,,,
Nicholas,Noemí,Zúñiga,,,,,,,
Nicolas,Nora,,,,,,,,
Nicolás,Norah,,,,,,,,
Noah,Nova,,,,,,,,
Nolan,Olivia,,,,,,,,
Oliver,Paige,,,,,,,,
Omar,Paisley,,,,,,,,
Oscar,Parker,,,,,,,,
Owen,Patricia,,,,,,,,
Parker,Patrícia,,,,,,,,
Patrick,Paula,,,,,,,,
Paulo,Payton,,,,,,,,
Paxton,Penelope,,,,,,,,
Pedro,Peyton,,,,,,,,
Pedro Henrique,Piper,,,,,,,,
Peter,Presley,,,,,,,,
Peterson,Quinn,,,,,,,,
Phoenix,Rachel,,,,,,,,
Preston,Raelynn,,,,,,,,
Rafael,Ramona,,,,,,,,
Ramón,Raquel,,,,,,,,
Raphael,Reagan,,,,,,,,
Remington,Rebecca,,,,,,,,
Rhett,Reese,,,,,,,,
Ricardo,Remi,,,,,,,,
Richard,Riley,,,,,,,,
Riley,Rosalie,,,,,,,,
River,Rose,,,,,,,,
Robert,Rose-Merline,,,,,,,,
Rodrigo,Rowan,,,,,,,,
Roman,Ruby,,,,,,,,
Rowan,Rylee,,,,,,,,
Ryan,Ryleigh,,,,,,,,
Ryder,Sadie,,,,,,,,
Ryker,Salomé,,,,,,,,
Samuel,Samantha,,,,,,,,
Santiago,Sara,,,,,,,,
Santino,Sarah,,,,,,,,
Sawyer,Savannah,,,,,,,,
Sebastian,Sawyer,,,,,,,,
Sebastián,Scarlett,,,,,,,,
Silas,Serenity,,,,,,,,
Simon,Sienna,,,,,,,,
Stanley,Skylar,,,,,,,,
Steven,Sloane,,,,,,,,
Stevenson,Sofia,,,,,,,,
Theo,Sofía,,,,,,,,
Theodore,Sophia,,,,,,,,
Thiago,Sophie,,,,,,,,
Thomas,Stella,,,,,,,,
Timothy,Summer,,,,,,,,
Tomás,Susan,,,,,,,,
Tristan,Sydney,,,,,,,,
Tucker,Taylor,,,,,,,,
Tyler,Teagan,,,,,,,,
Vicente,Tianna,,,,,,,,
Victor,Trinity,,,,,,,,
Vincent,Valentina,,,,,,,,
Waylon,Valeria,,,,,,,,
Wesley,Valerie,,,,,,,,
Weston,Vanessa,,,,,,,,
William,Victoria,,,,,,,,
Wilson,Violet,,,,,,,,
Wyatt,Vivian,,,,,,,,
Xander,Widelene,,,,,,,,
Xavier,Willow,,,,,,,,
Zachary,Ximena,,,,,,,,
Zander,Zoe,,,,,,,,
Zane,Zoé,,,,,,,,
Zion,Zoey,,,,,,,,
,,,,,,,,,
,,,,,,,,,
,,,,,,,,,
,,,,,,,,,
,,,,,,,,,
,,,,,,,,,
,,,,,,,,,
,,,,,,,,,
