m,f,ln
Mohamed,Fatima,Hovhannisyan
Youssef,Shaimaa,Mammadov
Peter,Mary,Khondakar
Petros,Mariamwit,Wong
Manuel,Maria del Carmen,Lee
Ahmed,Aya,Beridze
Mamadou,Fatoumata,Cohen
Hamza,Salma,Sato
Junior,Precious,Kim
Mehdi,Mariam,Santos
Santiago,Sofia,Perera
Daniel,Alysha,Chen
Enzo Gabriel,Maria Eduarda,Yilmaz
Jose,Maria,Nguyen
Noah,Olivia,Hoxha
William,Emma,Harutyunyan
Agustin,Emilia,Gruber
Juan David,Mariana,Aliyev
Stevenson,Widelene,Ivanou
Jayden,Gabrielle,Peeters
Mateo,Ximena,Hodzic
Ramon,Elizabeth,Kovacevic
Luis,Valentina,Ivanov
Sebastian,Victoria,Horvat
Liam,Emma,Novak
James,Patricia,Nielsen
Matias,Florencia,Tamm
Diego,Camila,Smirnov
Omar,Maryam,Joensen
An,Ai,Korhonen
Wei,Jing,Johansson
Aarav,Aadya,Martin
Amir-Ali,Fatemeh,Mamedovi
Hossein,Zahra,Muller
Hydar,Tamar,Samaras
Ori,Noam,Nagy
Noam,Maryam,Blondal
Adam,Celine,Murphy
George,Eden,Rossi
Omri,Sakura,Krasniqi
So,Riko,Berzins
Minato,Aio,Kaslauskas
Ichika,Wakana,Schmit
Abdul Rahman,Rimas,Borg
Yerasyl,Ayzere,Rusu
Fahad,Fatma,Popovic
Elie,Marie,De Jong
Amar,Nor,Jansen
Naranbaatar,Odval,Andov
Krishna,Shristi,Hansen
Bilal,Fozia,Nowak
Nathaniel,Angel,Silva
Abdullah,Seo-yeon,Kuznetsov
Min-jun,Ji-woo,Jovanovic
Chia-hao,Sara,Horvath
Abdullo,Shu-fen,Kovacic
Somchai,Sumayah,Garcia
Mohammad,Ayesha,Gonzalez
Alban,Amelia,Andersson
Marc,Laia,Nilsson
Davit,Nareh,Bianchi
Lukas,Anna,Meier
Yusif,Zeynab,Kaya
Ali,Sevinj,Melnyk
Artsiom,Sofiya,Smith
Lucas,Louise,Brown
Louis,Dominique,Wilson
Nathan,Elise,Robertson
Rayan,Lea,Jones
Daris,Lina,Tremblay
Stefan,Amina,Hernandez
Georgi,Marija,Rodriguez
Luka,Viktoria,Perez
Andreas,Mia,Martinez
Jakub,Eleni,Lopez
Oscar,Eliska,Perez
Oliver,Ida,Miller
Rasmus,Emily,Johnson
Benjamin,Sofia,Taylor
Leo,Eva,Singh
Emil,Aino,Kumar
Gabriel,Saga,Fernandez
Giorgi,Jade,Sousa
Ben,Mariami,Munoz
Georgios,Lina,Sanchez
Malik,Aikaterini,Benitez
Charlie,Ivaana,Lin
Bence,Chloe,_[BCDFGHJKLMNPRSTWVY][aeiou][bcdfghjklmnprstvwy][aeiou]?[bcdfghjklmnprstvwy]?[aeioun]?
Aron,Jazmin,_[BCDFGHJKLMNPRSTWVY][aeiou][bcdfghjklmnprstvwy][aeiou]?[bcdfghjklmnprstvwy]?[aeioun]?
Jack,Margret,_[BCDFGHJKLMNPRSTWVY][aeiou][bcdfghjklmnprstvwy][aeiou]?[bcdfghjklmnprstvwy]?[aeioun]?
James,Ava,_[BCDFGHJKLMNPRSTWVY][aeiou][bcdfghjklmnprstvwy][aeiou]?[bcdfghjklmnprstvwy]?[aeioun]?
Leonardo,Isabella,_[BCDFGHJKLMNPRSTWVY][aeiou][bcdfghjklmnprstvwy][aeiou]?[bcdfghjklmnprstvwy]?[aeioun]?
Roberts,Giulia,_[BCDFGHJKLMNPRSTWVY][aeiou][bcdfghjklmnprstvwy][aeiou]?[bcdfghjklmnprstvwy]?[aeioun]?
Elias,Emilija,_[BCDFGHJKLMNPRSTWVY][aeiou][bcdfghjklmnprstvwy][aeiou]?[bcdfghjklmnprstvwy]?[aeioun]?
Matas,Noemi,_[BCDFGHJKLMNPRSTWVY][aeiou][bcdfghjklmnprstvwy][aeiou]?[bcdfghjklmnprstvwy]?[aeioun]?
Leo,Austeja,_[BCDFGHJKLMNPRSTWVY][aeiou][bcdfghjklmnprstvwy][aeiou]?[bcdfghjklmnprstvwy]?[aeioun]?
Aleksandar,Lara,_[BCDFGHJKLMNPRSTWVY][aeiou][bcdfghjklmnprstvwy][aeiou]?[bcdfghjklmnprstvwy]?[aeioun]?
Mihail,Marija,_[BCDFGHJKLMNPRSTWVY][aeiou][bcdfghjklmnprstvwy][aeiou]?[bcdfghjklmnprstvwy]?[aeioun]?
Zachary,Jana,_[BCDFGHJKLMNPRSTWVY][aeiou][bcdfghjklmnprstvwy][aeiou]?[bcdfghjklmnprstvwy]?[aeioun]?
David,Catherine,
Alexandre,Anastasia,
Nikola,Jelena,
Vuk,Milica,
Daan,Masa,
Harry,Tess,
Oskar,Ella,
Antoni,Nora,
Joao,Zuzanna,
Andrei,Leonor,
Alexander,Ioana,
Lewis,Yelizaveta,
Dragan,Olga,
Marko,Sophie,
Martin,Mirjana,
Filip,Jovana,
Hugo,Nina,
Markel,Zala,
Marc,Lucia,
Pau,June,
Berat,Martina,
Mehmet,Alice,
Artem,Mia,
Alfie,Zeynep,
Tim,Ayse,
Logan,Darya,
Francisco,Isla,
Jackson,Charlotte,
Thomas,Ruby,
Nikau,Mia,
Hiro,Tiare,
_[BCDFGHJKLMNPRSTWVY][aeiou][bcdfghjklmnprstvwy][aeiou]?[bcdfghjklmnprstvwy]?[aeioun]?,_[BCDFGHJKLMNPRSTWVY][aeiou][bcdfghjklmnprstvwy][aeiou]?[bcdfghjklmnprstvwy]?[aeioun]?,
_[BCDFGHJKLMNPRSTWVY][aeiou][bcdfghjklmnprstvwy][aeiou]?[bcdfghjklmnprstvwy]?[aeioun]?,_[BCDFGHJKLMNPRSTWVY][aeiou][bcdfghjklmnprstvwy][aeiou]?[bcdfghjklmnprstvwy]?[aeioun]?,
_[BCDFGHJKLMNPRSTWVY][aeiou][bcdfghjklmnprstvwy][aeiou]?[bcdfghjklmnprstvwy]?[aeioun]?,_[BCDFGHJKLMNPRSTWVY][aeiou][bcdfghjklmnprstvwy][aeiou]?[bcdfghjklmnprstvwy]?[aeioun]?,
_[BCDFGHJKLMNPRSTWVY][aeiou][bcdfghjklmnprstvwy][aeiou]?[bcdfghjklmnprstvwy]?[aeioun]?,_[BCDFGHJKLMNPRSTWVY][aeiou][bcdfghjklmnprstvwy][aeiou]?[bcdfghjklmnprstvwy]?[aeioun]?,
_[BCDFGHJKLMNPRSTWVY][aeiou][bcdfghjklmnprstvwy][aeiou]?[bcdfghjklmnprstvwy]?[aeioun]?,_[BCDFGHJKLMNPRSTWVY][aeiou][bcdfghjklmnprstvwy][aeiou]?[bcdfghjklmnprstvwy]?[aeioun]?,
_[BCDFGHJKLMNPRSTWVY][aeiou][bcdfghjklmnprstvwy][aeiou]?[bcdfghjklmnprstvwy]?[aeioun]?,_[BCDFGHJKLMNPRSTWVY][aeiou][bcdfghjklmnprstvwy][aeiou]?[bcdfghjklmnprstvwy]?[aeioun]?,
_[BCDFGHJKLMNPRSTWVY][aeiou][bcdfghjklmnprstvwy][aeiou]?[bcdfghjklmnprstvwy]?[aeioun]?,_[BCDFGHJKLMNPRSTWVY][aeiou][bcdfghjklmnprstvwy][aeiou]?[bcdfghjklmnprstvwy]?[aeioun]?,
_[BCDFGHJKLMNPRSTWVY][aeiou][bcdfghjklmnprstvwy][aeiou]?[bcdfghjklmnprstvwy]?[aeioun]?,_[BCDFGHJKLMNPRSTWVY][aeiou][bcdfghjklmnprstvwy][aeiou]?[bcdfghjklmnprstvwy]?[aeioun]?,
_[BCDFGHJKLMNPRSTWVY][aeiou][bcdfghjklmnprstvwy][aeiou]?[bcdfghjklmnprstvwy]?[aeioun]?,_[BCDFGHJKLMNPRSTWVY][aeiou][bcdfghjklmnprstvwy][aeiou]?[bcdfghjklmnprstvwy]?[aeioun]?,
_[BCDFGHJKLMNPRSTWVY][aeiou][bcdfghjklmnprstvwy][aeiou]?[bcdfghjklmnprstvwy]?[aeioun]?,_[BCDFGHJKLMNPRSTWVY][aeiou][bcdfghjklmnprstvwy][aeiou]?[bcdfghjklmnprstvwy]?[aeioun]?,
_[BCDFGHJKLMNPRSTWVY][aeiou][bcdfghjklmnprstvwy][aeiou]?[bcdfghjklmnprstvwy]?[aeioun]?,_[BCDFGHJKLMNPRSTWVY][aeiou][bcdfghjklmnprstvwy][aeiou]?[bcdfghjklmnprstvwy]?[aeioun]?,
_[BCDFGHJKLMNPRSTWVY][aeiou][bcdfghjklmnprstvwy][aeiou]?[bcdfghjklmnprstvwy]?[aeioun]?,_[BCDFGHJKLMNPRSTWVY][aeiou][bcdfghjklmnprstvwy][aeiou]?[bcdfghjklmnprstvwy]?[aeioun]?,
_[BCDFGHJKLMNPRSTWVY][aeiou][bcdfghjklmnprstvwy][aeiou]?[bcdfghjklmnprstvwy]?[aeioun]?,_[BCDFGHJKLMNPRSTWVY][aeiou][bcdfghjklmnprstvwy][aeiou]?[bcdfghjklmnprstvwy]?[aeioun]?,
_[BCDFGHJKLMNPRSTWVY][aeiou][bcdfghjklmnprstvwy][aeiou]?[bcdfghjklmnprstvwy]?[aeioun]?,_[BCDFGHJKLMNPRSTWVY][aeiou][bcdfghjklmnprstvwy][aeiou]?[bcdfghjklmnprstvwy]?[aeioun]?,
_[BCDFGHJKLMNPRSTWVY][aeiou][bcdfghjklmnprstvwy][aeiou]?[bcdfghjklmnprstvwy]?[aeioun]?,_[BCDFGHJKLMNPRSTWVY][aeiou][bcdfghjklmnprstvwy][aeiou]?[bcdfghjklmnprstvwy]?[aeioun]?,
_[BCDFGHJKLMNPRSTWVY][aeiou][bcdfghjklmnprstvwy][aeiou]?[bcdfghjklmnprstvwy]?[aeioun]?,_[BCDFGHJKLMNPRSTWVY][aeiou][bcdfghjklmnprstvwy][aeiou]?[bcdfghjklmnprstvwy]?[aeioun]?,
_[BCDFGHJKLMNPRSTWVY][aeiou][bcdfghjklmnprstvwy][aeiou]?[bcdfghjklmnprstvwy]?[aeioun]?,_[BCDFGHJKLMNPRSTWVY][aeiou][bcdfghjklmnprstvwy][aeiou]?[bcdfghjklmnprstvwy]?[aeioun]?,
_[BCDFGHJKLMNPRSTWVY][aeiou][bcdfghjklmnprstvwy][aeiou]?[bcdfghjklmnprstvwy]?[aeioun]?,_[BCDFGHJKLMNPRSTWVY][aeiou][bcdfghjklmnprstvwy][aeiou]?[bcdfghjklmnprstvwy]?[aeioun]?,
_[BCDFGHJKLMNPRSTWVY][aeiou][bcdfghjklmnprstvwy][aeiou]?[bcdfghjklmnprstvwy]?[aeioun]?,_[BCDFGHJKLMNPRSTWVY][aeiou][bcdfghjklmnprstvwy][aeiou]?[bcdfghjklmnprstvwy]?[aeioun]?,
_[BCDFGHJKLMNPRSTWVY][aeiou][bcdfghjklmnprstvwy][aeiou]?[bcdfghjklmnprstvwy]?[aeioun]?,_[BCDFGHJKLMNPRSTWVY][aeiou][bcdfghjklmnprstvwy][aeiou]?[bcdfghjklmnprstvwy]?[aeioun]?,
_[BCDFGHJKLMNPRSTWVY][aeiou][bcdfghjklmnprstvwy][aeiou]?[bcdfghjklmnprstvwy]?[aeioun]?,_[BCDFGHJKLMNPRSTWVY][aeiou][bcdfghjklmnprstvwy][aeiou]?[bcdfghjklmnprstvwy]?[aeioun]?,
_[BCDFGHJKLMNPRSTWVY][aeiou][bcdfghjklmnprstvwy][aeiou]?[bcdfghjklmnprstvwy]?[aeioun]?,_[BCDFGHJKLMNPRSTWVY][aeiou][bcdfghjklmnprstvwy][aeiou]?[bcdfghjklmnprstvwy]?[aeioun]?,
_[BCDFGHJKLMNPRSTWVY][aeiou][bcdfghjklmnprstvwy][aeiou]?[bcdfghjklmnprstvwy]?[aeioun]?,_[BCDFGHJKLMNPRSTWVY][aeiou][bcdfghjklmnprstvwy][aeiou]?[bcdfghjklmnprstvwy]?[aeioun]?,
_[BCDFGHJKLMNPRSTWVY][aeiou][bcdfghjklmnprstvwy][aeiou]?[bcdfghjklmnprstvwy]?[aeioun]?,_[BCDFGHJKLMNPRSTWVY][aeiou][bcdfghjklmnprstvwy][aeiou]?[bcdfghjklmnprstvwy]?[aeioun]?,
_[BCDFGHJKLMNPRSTWVY][aeiou][bcdfghjklmnprstvwy][aeiou]?[bcdfghjklmnprstvwy]?[aeioun]?,_[BCDFGHJKLMNPRSTWVY][aeiou][bcdfghjklmnprstvwy][aeiou]?[bcdfghjklmnprstvwy]?[aeioun]?,
_[BCDFGHJKLMNPRSTWVY][aeiou][bcdfghjklmnprstvwy][aeiou]?[bcdfghjklmnprstvwy]?[aeioun]?,_[BCDFGHJKLMNPRSTWVY][aeiou][bcdfghjklmnprstvwy][aeiou]?[bcdfghjklmnprstvwy]?[aeioun]?,
_[BCDFGHJKLMNPRSTWVY][aeiou][bcdfghjklmnprstvwy][aeiou]?[bcdfghjklmnprstvwy]?[aeioun]?,_[BCDFGHJKLMNPRSTWVY][aeiou][bcdfghjklmnprstvwy][aeiou]?[bcdfghjklmnprstvwy]?[aeioun]?,
_[BCDFGHJKLMNPRSTWVY][aeiou][bcdfghjklmnprstvwy][aeiou]?[bcdfghjklmnprstvwy]?[aeioun]?,_[BCDFGHJKLMNPRSTWVY][aeiou][bcdfghjklmnprstvwy][aeiou]?[bcdfghjklmnprstvwy]?[aeioun]?,
_[BCDFGHJKLMNPRSTWVY][aeiou][bcdfghjklmnprstvwy][aeiou]?[bcdfghjklmnprstvwy]?[aeioun]?,_[BCDFGHJKLMNPRSTWVY][aeiou][bcdfghjklmnprstvwy][aeiou]?[bcdfghjklmnprstvwy]?[aeioun]?,
_[BCDFGHJKLMNPRSTWVY][aeiou][bcdfghjklmnprstvwy][aeiou]?[bcdfghjklmnprstvwy]?[aeioun]?,_[BCDFGHJKLMNPRSTWVY][aeiou][bcdfghjklmnprstvwy][aeiou]?[bcdfghjklmnprstvwy]?[aeioun]?,
_[BCDFGHJKLMNPRSTWVY][aeiou][bcdfghjklmnprstvwy][aeiou]?[bcdfghjklmnprstvwy]?[aeioun]?,_[BCDFGHJKLMNPRSTWVY][aeiou][bcdfghjklmnprstvwy][aeiou]?[bcdfghjklmnprstvwy]?[aeioun]?,
_[BCDFGHJKLMNPRSTWVY][aeiou][bcdfghjklmnprstvwy][aeiou]?[bcdfghjklmnprstvwy]?[aeioun]?,_[BCDFGHJKLMNPRSTWVY][aeiou][bcdfghjklmnprstvwy][aeiou]?[bcdfghjklmnprstvwy]?[aeioun]?,
_[BCDFGHJKLMNPRSTWVY][aeiou][bcdfghjklmnprstvwy][aeiou]?[bcdfghjklmnprstvwy]?[aeioun]?,_[BCDFGHJKLMNPRSTWVY][aeiou][bcdfghjklmnprstvwy][aeiou]?[bcdfghjklmnprstvwy]?[aeioun]?,
_[BCDFGHJKLMNPRSTWVY][aeiou][bcdfghjklmnprstvwy][aeiou]?[bcdfghjklmnprstvwy]?[aeioun]?,_[BCDFGHJKLMNPRSTWVY][aeiou][bcdfghjklmnprstvwy][aeiou]?[bcdfghjklmnprstvwy]?[aeioun]?,
_[BCDFGHJKLMNPRSTWVY][aeiou][bcdfghjklmnprstvwy][aeiou]?[bcdfghjklmnprstvwy]?[aeioun]?,_[BCDFGHJKLMNPRSTWVY][aeiou][bcdfghjklmnprstvwy][aeiou]?[bcdfghjklmnprstvwy]?[aeioun]?,
_[BCDFGHJKLMNPRSTWVY][aeiou][bcdfghjklmnprstvwy][aeiou]?[bcdfghjklmnprstvwy]?[aeioun]?,_[BCDFGHJKLMNPRSTWVY][aeiou][bcdfghjklmnprstvwy][aeiou]?[bcdfghjklmnprstvwy]?[aeioun]?,
